marker,pvalue
Granulocytes_VDAC1_Unstim,0.544809569063388
Granulocytes_VDAC1_LPS,0.475550655835523
Granulocytes_VDAC1_IL246,0.0920339281496106
Granulocytes_VDAC1_IL18,0.270812774448875
Granulocytes_GLUT1_Unstim,0.292236547075381
Granulocytes_GLUT1_LPS,0.9665232243378
Granulocytes_GLUT1_IL246,0.610313217181188
Granulocytes_GLUT1_IL18,0.687900758741793
Granulocytes_CPT1a_Unstim,0.222046323155876
Granulocytes_CPT1a_LPS,0.272555859192612
Granulocytes_CPT1a_IL246,0.756733648750368
Granulocytes_CPT1a_IL18,0.234389186712822
Granulocytes_pCREB_Unstim,0.00249635119763272
Granulocytes_pCREB_LPS,1.87519994405539e-4
Granulocytes_pCREB_IL246,0.83378773741967
Granulocytes_pCREB_IL18,0.330410921130078
Granulocytes_pSTAT5_Unstim,0.720539575916124
Granulocytes_pSTAT5_IL246,0.126294385437418
Granulocytes_pP38_Unstim,0.0331640070544099
Granulocytes_pP38_LPS,0.129294958023327
Granulocytes_pP38_IL18,0.0537812878983812
Granulocytes_pSTAT1_Unstim,0.160133032638587
Granulocytes_pSTAT3_Unstim,0.229704849185938
Granulocytes_pSTAT3_IL246,0.988838162851015
Granulocytes_prpS6_Unstim,0.947416316777446
Granulocytes_prpS6_LPS,0.22356321049326
Granulocytes_prpS6_IL246,0.146241828508855
Granulocytes_prpS6_IL18,0.687900758741793
Granulocytes_PD-L1_Unstim,0.3934517014738
Granulocytes_PD-L1_LPS,0.796552768560577
Granulocytes_PD-L1_IL246,0.775038586934566
Granulocytes_PD-L1_IL18,0.12141427661592
Granulocytes_CD44_Unstim,0.451180943658404
Granulocytes_CD44_LPS,0.76892247532419
Granulocytes_CD44_IL246,0.921989297483472
Granulocytes_CD44_IL18,0.582595741630551
Granulocytes_pNFkB_Unstim,0.194614266040038
Granulocytes_pNFkB_LPS,0.714565143878602
Granulocytes_pNFkB_IL246,0.995216228130815
Granulocytes_pNFkB_IL18,0.312849887642495
Granulocytes_pERK1-2_Unstim,0.0532875523633945
Granulocytes_pERK1-2_LPS,0.12141427661592
Granulocytes_pERK1-2_IL246,0.632899442688019
Granulocytes_pERK1-2_IL18,0.115754249411397
Granulocytes_pSTAT6_Unstim,0.310449032807584
Granulocytes_pSTAT6_IL246,0.465717113964911
Granulocytes_pPLCg1_Unstim,0.211634227547474
Granulocytes_pPLCg1_LPS,0.714565143878602
Granulocytes_pPLCg1_IL246,0.988838162851015
Granulocytes_pPLCg1_IL18,0.91247327938168
Granulocytes_CXCR4_Unstim,0.723533229077038
Granulocytes_CXCR4_LPS,0.500625257144276
Granulocytes_CXCR4_IL246,0.193242624552938
Granulocytes_CXCR4_IL18,0.99840540088491
Granulocytes_CD62L_Unstim,0.217539926950192
Granulocytes_CD62L_LPS,0.167282758956286
Granulocytes_CD62L_IL246,0.508282055529881
Granulocytes_CD62L_IL18,0.114831408144153
Granulocytes_HK2_Unstim,0.821330182897195
Granulocytes_HK2_IL246,0.9029697956152
Granulocytes_HK2_IL18,0.373816055104529
Granulocytes_CD63_Unstim,0.601936592328434
Granulocytes_CD63_LPS,0.647193494659962
Granulocytes_CD63_IL246,0.0762783488887848
Granulocytes_CD63_IL18,0.985649372213776
Eosinophil_VDAC1_Unstim,0.478026717100792
Eosinophil_VDAC1_LPS,0.928339604900944
Eosinophil_VDAC1_IL246,0.232820280130848
Eosinophil_VDAC1_IL18,0.899804986267321
Eosinophil_GLUT1_Unstim,0.655833259247299
Eosinophil_GLUT1_LPS,0.47308164577615
Eosinophil_GLUT1_IL246,0.771978760057143
Eosinophil_GLUT1_IL18,0.717550200323597
Eosinophil_CPT1a_Unstim,0.493030046480314
Eosinophil_CPT1a_LPS,0.316698222283263
Eosinophil_CPT1a_IL246,0.86825264596516
Eosinophil_CPT1a_IL18,0.702668934191952
Eosinophil_pCREB_Unstim,0.120456189965836
Eosinophil_pCREB_LPS,0.00644958953251778
Eosinophil_pCREB_IL246,0.906136147501942
Eosinophil_pCREB_IL18,0.358971030378022
Eosinophil_pSTAT5_Unstim,0.843158544551401
Eosinophil_pSTAT5_IL246,0.326454358333454
Eosinophil_pP38_Unstim,0.0456599075769553
Eosinophil_pP38_LPS,0.0817319803786288
Eosinophil_pP38_IL18,0.950598999767901
Eosinophil_pSTAT1_Unstim,0.170561284615243
Eosinophil_pSTAT3_Unstim,0.309032476924964
Eosinophil_pSTAT3_IL246,0.588092045381718
Eosinophil_prpS6_Unstim,0.8494181952811
Eosinophil_prpS6_LPS,0.0975628558269507
Eosinophil_prpS6_IL246,0.242346044876876
Eosinophil_prpS6_IL18,0.263916928161143
Eosinophil_PD-L1_Unstim,0.4322048771206
Eosinophil_PD-L1_LPS,0.171000388623915
Eosinophil_PD-L1_IL246,0.352723921339142
Eosinophil_PD-L1_IL18,0.699706090183384
Eosinophil_CD44_Unstim,0.972897011293104
Eosinophil_CD44_LPS,0.874548000697731
Eosinophil_CD44_IL246,0.827553536649439
Eosinophil_CD44_IL18,0.274306605129595
Eosinophil_pNFkB_Unstim,0.508258192270969
Eosinophil_pNFkB_LPS,0.166057140681837
Eosinophil_pNFkB_IL246,0.630056787864861
Eosinophil_pNFkB_IL18,0.0686577447080299
Eosinophil_pERK1-2_Unstim,0.539292098490753
Eosinophil_pERK1-2_LPS,0.579083858692767
Eosinophil_pERK1-2_IL246,0.758038039792798
Eosinophil_pERK1-2_IL18,0.0276516623215847
Eosinophil_pSTAT6_Unstim,1
Eosinophil_pSTAT6_IL246,0.945820720899646
Eosinophil_pPLCg1_Unstim,0.372682740871412
Eosinophil_pPLCg1_LPS,0.198058819522035
Eosinophil_pPLCg1_IL246,0.318361542929136
Eosinophil_pPLCg1_IL18,0.0975615091434407
Eosinophil_CXCR4_Unstim,0.42986534547856
Eosinophil_CXCR4_LPS,0.123348320852666
Eosinophil_CXCR4_IL246,0.0304326405396005
Eosinophil_CXCR4_IL18,0.0413001352790871
Eosinophil_CD62L_Unstim,0.0409040541999734
Eosinophil_CD62L_LPS,0.0445872541113079
Eosinophil_CD62L_IL246,0.248846908359742
Eosinophil_CD62L_IL18,0.976084579464047
Eosinophil_HK2_Unstim,0.934694479460898
Eosinophil_HK2_IL246,0.174779549542145
Eosinophil_HK2_IL18,0.0258560875661637
Eosinophil_CD63_Unstim,0.488001079331823
Eosinophil_CD63_LPS,0.344502151013611
Eosinophil_CD63_IL246,0.272555859192612
Eosinophil_CD63_IL18,0.455997591038201
Neutrophil_VDAC1_Unstim,0.647193494659962
Neutrophil_VDAC1_LPS,0.503170709872556
Neutrophil_VDAC1_IL246,0.0838569411592905
Neutrophil_VDAC1_IL18,0.250491003577278
Neutrophil_GLUT1_Unstim,0.425209793360395
Neutrophil_GLUT1_LPS,0.941053518054758
Neutrophil_GLUT1_IL246,0.644324032437052
Neutrophil_GLUT1_IL18,0.68202627682848
Neutrophil_CPT1a_Unstim,0.253801909716629
Neutrophil_CPT1a_LPS,0.290408919248113
Neutrophil_CPT1a_IL246,0.708608153756181
Neutrophil_CPT1a_IL18,0.250491003577278
Neutrophil_pCREB_Unstim,0.00263150504305674
Neutrophil_pCREB_LPS,1.78781725381106e-4
Neutrophil_pCREB_IL246,0.756733648750368
Neutrophil_pCREB_IL18,0.352723921339142
Neutrophil_pSTAT5_Unstim,0.765869777407176
Neutrophil_pSTAT5_IL246,0.14513515873847
Neutrophil_pP38_Unstim,0.0571292084682322
Neutrophil_pP38_LPS,0.138629386857824
Neutrophil_pP38_IL18,0.0605685682466461
Neutrophil_pSTAT1_Unstim,0.160133032638587
Neutrophil_pSTAT3_Unstim,0.248846908359742
Neutrophil_pSTAT3_IL246,0.982460810824673
Neutrophil_prpS6_Unstim,0.963337107236902
Neutrophil_prpS6_LPS,0.234389186712822
Neutrophil_prpS6_IL246,0.147354943934225
Neutrophil_prpS6_IL18,0.679096219595826
Neutrophil_PD-L1_Unstim,0.470619706176199
Neutrophil_PD-L1_LPS,0.735549778988347
Neutrophil_PD-L1_IL246,0.765869777407176
Neutrophil_PD-L1_IL18,0.161222148353689
Neutrophil_CD44_Unstim,0.624387914964712
Neutrophil_CD44_LPS,0.702668934191952
Neutrophil_CD44_IL246,0.899804986267321
Neutrophil_CD44_IL18,0.596381138792308
Neutrophil_pNFkB_Unstim,0.334398388219887
Neutrophil_pNFkB_LPS,0.802728974419084
Neutrophil_pNFkB_IL246,0.896641769244521
Neutrophil_pNFkB_IL18,0.243959951024634
Neutrophil_pERK1-2_Unstim,0.119504031635318
Neutrophil_pERK1-2_LPS,0.109415354519088
Neutrophil_pERK1-2_IL18,0.114831408144153
Neutrophil_pSTAT6_Unstim,0.310449032807584
Neutrophil_pSTAT6_IL246,0.43926615230454
Neutrophil_pPLCg1_Unstim,0.320577483438795
Neutrophil_pPLCg1_LPS,0.696747810580789
Neutrophil_pPLCg1_IL246,0.918815982187917
Neutrophil_pPLCg1_IL18,0.995216228130815
Neutrophil_CXCR4_Unstim,0.83378773741967
Neutrophil_CXCR4_LPS,0.526383955400716
Neutrophil_CXCR4_IL246,0.207281628656925
Neutrophil_CXCR4_IL18,0.931516496462828
Neutrophil_CD62L_Unstim,0.189170326219756
Neutrophil_CD62L_LPS,0.210176080610811
Neutrophil_CD62L_IL246,0.513420502681914
Neutrophil_CD62L_IL18,0.12432432128405
Neutrophil_HK2_Unstim,0.909303992067766
Neutrophil_HK2_LPS,0.515999831238447
Neutrophil_HK2_IL246,0.890320310937095
Neutrophil_HK2_IL18,0.418281276859517
Neutrophil_CD63_Unstim,0.528996566896434
Neutrophil_CD63_LPS,0.741582624034379
Neutrophil_CD63_IL246,0.0730231710815322
Neutrophil_CD63_IL18,0.944234472673077
Bcells_VDAC1_Unstim,0.558164016835014
Bcells_VDAC1_LPS,0.292236547075381
Bcells_VDAC1_IL246,0.253801909716629
Bcells_VDAC1_IL18,0.190520669931249
Bcells_GLUT1_Unstim,0.258825180177933
Bcells_GLUT1_LPS,0.661618883749257
Bcells_GLUT1_IL246,0.9665232243378
Bcells_GLUT1_IL18,0.747631393361605
Bcells_CPT1a_Unstim,0.0967571292332035
Bcells_CPT1a_LPS,0.400133287460087
Bcells_CPT1a_IL246,0.257143158023081
Bcells_CPT1a_IL18,0.588092045381718
Bcells_pCREB_Unstim,0.0975628558269507
Bcells_pCREB_LPS,0.753695741443526
Bcells_pCREB_IL246,0.732539435244884
Bcells_pCREB_IL18,0.400133287460087
Bcells_pSTAT5_Unstim,0.574367804081359
Bcells_pSTAT5_IL246,0.693793843454408
Bcells_pP38_Unstim,0.102672869153734
Bcells_pP38_LPS,0.421732527411613
Bcells_pP38_IL18,0.331521861002662
Bcells_pSTAT1_Unstim,1
Bcells_pSTAT3_Unstim,0.170561284615243
Bcells_pSTAT3_IL246,0.22052754690881
Bcells_prpS6_Unstim,0.413699423022851
Bcells_prpS6_LPS,0.242346044876876
Bcells_prpS6_IL246,0.197378952696815
Bcells_prpS6_IL18,0.30149039734827
Bcells_PD-L1_Unstim,0.19187809758831
Bcells_PD-L1_LPS,0.899804986267321
Bcells_PD-L1_IL246,0.963337107236902
Bcells_PD-L1_IL18,0.111197805584713
Bcells_CD44_Unstim,0.947416316777446
Bcells_CD44_LPS,0.32252871119086
Bcells_CD44_IL246,0.260514811086122
Bcells_CD44_IL18,0.158844886026367
Bcells_pNFkB_Unstim,0.667424786736729
Bcells_pNFkB_LPS,0.344502151013611
Bcells_pNFkB_IL246,0.444010246243814
Bcells_pNFkB_IL18,0.411419680826386
Bcells_pERK1-2_Unstim,0.326453872267903
Bcells_pERK1-2_LPS,0.985649372213776
Bcells_pERK1-2_IL246,0.163626184511575
Bcells_pERK1-2_IL18,0.571675662319792
Bcells_pSTAT6_Unstim,0.310449032807584
Bcells_pSTAT6_IL246,0.254617668763885
Bcells_pPLCg1_Unstim,0.0209820195238509
Bcells_pPLCg1_LPS,0.448783458255733
Bcells_pPLCg1_IL246,0.451180943658404
Bcells_pPLCg1_IL18,0.172253248900255
Bcells_CXCR4_Unstim,0.815118054294526
Bcells_CXCR4_LPS,0.402375552868681
Bcells_CXCR4_IL246,0.928339604900944
Bcells_CXCR4_IL18,0.56625236764081
Bcells_CD62L_Unstim,0.480509810037815
Bcells_CD62L_IL246,0.765869777407176
Bcells_CD62L_IL18,0.0467517489207673
Bcells_HK2_Unstim,0.277831102677552
Bcells_HK2_LPS,0.647193494659962
Bcells_HK2_IL246,0.799639305033235
Bcells_HK2_IL18,0.61874118801312
Bcells_CD63_Unstim,0.740749298988668
Bcells_CD63_IL18,0.458581146327792
Basophil_VDAC1_Unstim,0.732539435244884
Basophil_VDAC1_LPS,0.59915594767634
Basophil_VDAC1_IL246,0.136511456059253
Basophil_VDAC1_IL18,0.211634227547474
Basophil_GLUT1_Unstim,0.182524319068546
Basophil_GLUT1_LPS,0.655833259247299
Basophil_GLUT1_IL246,0.805821730486154
Basophil_GLUT1_IL18,0.460843027613501
Basophil_CPT1a_Unstim,0.0882410028658513
Basophil_CPT1a_LPS,0.205845296807912
Basophil_CPT1a_IL246,0.116682910645606
Basophil_CPT1a_IL18,0.632899442688019
Basophil_pCREB_Unstim,0.0385945648277183
Basophil_pCREB_LPS,0.536873794094181
Basophil_pCREB_IL246,0.270812774448875
Basophil_pCREB_IL18,0.348597634878121
Basophil_pSTAT5_Unstim,0.00858699718109743
Basophil_pSTAT5_IL246,0.925163855138325
Basophil_pP38_Unstim,0.0678438658285208
Basophil_pP38_LPS,0.0143569821156289
Basophil_pP38_IL18,0.622210694687573
Basophil_pSTAT1_Unstim,1
Basophil_pSTAT3_Unstim,0.0471462498676074
Basophil_pSTAT3_IL246,0.762820710810605
Basophil_prpS6_Unstim,0.231258837850197
Basophil_prpS6_LPS,0.8494181952811
Basophil_prpS6_IL246,0.105057998428487
Basophil_prpS6_IL18,0.382467011130968
Basophil_PD-L1_Unstim,0.127288491640477
Basophil_PD-L1_LPS,0.610313217181188
Basophil_PD-L1_IL246,0.714565143878602
Basophil_PD-L1_IL18,0.115754249411397
Basophil_CD44_Unstim,0.563550009672941
Basophil_CD44_LPS,0.448783458255733
Basophil_CD44_IL246,0.375967361943535
Basophil_CD44_IL18,0.150733160220719
Basophil_pNFkB_Unstim,0.380292847669709
Basophil_pNFkB_LPS,0.518585864918995
Basophil_pNFkB_IL246,0.348597634878121
Basophil_pNFkB_IL18,0.861965633643061
Basophil_pERK1-2_Unstim,0.399212491040103
Basophil_pERK1-2_LPS,0.0677480034422177
Basophil_pERK1-2_IL18,0.824440480214067
Basophil_pSTAT6_Unstim,0.657768275477805
Basophil_pSTAT6_IL246,0.162370155737913
Basophil_pPLCg1_Unstim,0.139697800470746
Basophil_pPLCg1_LPS,0.255468737109473
Basophil_pPLCg1_IL246,0.272555859192612
Basophil_pPLCg1_IL18,0.177333404759712
Basophil_CXCR4_Unstim,0.753695741443526
Basophil_CXCR4_LPS,0.194614266040038
Basophil_CXCR4_IL246,0.503170709872556
Basophil_CXCR4_IL18,0.389035085656987
Basophil_CD62L_Unstim,0.142941077087564
Basophil_CD62L_LPS,0.214572429173816
Basophil_CD62L_IL246,0.756733648750368
Basophil_CD62L_IL18,0.116682910645606
Basophil_HK2_Unstim,0.231258837850197
Basophil_HK2_LPS,0.253801909716629
Basophil_HK2_IL246,0.596381138792308
Basophil_HK2_IL18,0.352723921339142
Basophil_CD63_Unstim,0.179914950111726
Basophil_CD63_LPS,0.262212058050053
Basophil_CD63_IL246,0.135461898101841
Basophil_CD63_IL18,0.778101911119967
DC_VDAC1_Unstim,0.503170709872556
DC_VDAC1_LPS,0.380292847669709
DC_VDAC1_IL246,0.189170326219756
DC_VDAC1_IL18,0.182524319068546
DC_GLUT1_Unstim,0.397898550265352
DC_GLUT1_LPS,0.972897011293104
DC_GLUT1_IL246,0.83378773741967
DC_GLUT1_IL18,0.568960928235011
DC_CPT1a_Unstim,0.288588998308837
DC_CPT1a_LPS,0.711584447962303
DC_CPT1a_IL246,0.918815982187917
DC_CPT1a_IL18,0.560853883202473
DC_pCREB_Unstim,0.151872253875459
DC_pCREB_LPS,0.422892873590559
DC_pCREB_IL246,0.146241828508855
DC_pCREB_IL18,0.0736649516415017
DC_pSTAT5_Unstim,0.979272446320524
DC_pSTAT5_IL246,0.91564395944384
DC_pP38_Unstim,0.367647369684126
DC_pP38_LPS,0.890320310937095
DC_pP38_IL18,0.333619021228744
DC_pSTAT1_Unstim,1
DC_pSTAT3_Unstim,0.0280380115340915
DC_pSTAT3_IL246,0.422892873590559
DC_prpS6_Unstim,0.46327649845657
DC_prpS6_LPS,0.582595741630551
DC_prpS6_IL246,0.111197805584713
DC_prpS6_IL18,0.485497011388337
DC_PD-L1_Unstim,0.129294958023327
DC_PD-L1_LPS,0.295914936417206
DC_PD-L1_IL246,0.16851516122336
DC_PD-L1_IL18,0.0967571292332035
DC_CD44_Unstim,0.684961136242108
DC_CD44_LPS,0.328428775890391
DC_CD44_IL246,0.260514811086122
DC_CD44_IL18,0.263916928161143
DC_pNFkB_Unstim,0.83378773741967
DC_pNFkB_LPS,0.83378773741967
DC_pNFkB_IL246,0.171000388623915
DC_pNFkB_IL18,0.843158544551401
DC_pERK1-2_Unstim,0.531581118414417
DC_pERK1-2_LPS,0.771978760057143
DC_pERK1-2_IL18,0.840032405029695
DC_pSTAT6_Unstim,0.310449032807584
DC_pSTAT6_IL246,0.704142141449192
DC_pPLCg1_Unstim,0.103354098391749
DC_pPLCg1_LPS,0.982460810824673
DC_pPLCg1_IL246,0.690845105016855
DC_pPLCg1_IL18,0.893480194257099
DC_CXCR4_Unstim,0.793469411086145
DC_CXCR4_LPS,0.91564395944384
DC_CXCR4_IL246,0.714565143878602
DC_CXCR4_IL18,0.418281276859517
DC_CD62L_Unstim,0.485497011388337
DC_CD62L_LPS,0.781168687613797
DC_CD62L_IL246,0.714565143878602
DC_CD62L_IL18,0.596381138792308
DC_HK2_Unstim,0.131325903236153
DC_HK2_LPS,0.237549434579061
DC_HK2_IL246,0.448783458255733
DC_HK2_IL18,0.297765703860033
DC_CD63_Unstim,0.909303629135089
DC_CD63_LPS,0.618739778095441
DC_CD63_IL246,0.942643823488455
DC_CD63_IL18,0.26821201846109
FceRIanegDC_VDAC1_Unstim,0.815118054294526
FceRIanegDC_VDAC1_LPS,0.93787350347989
FceRIanegDC_VDAC1_IL246,0.56625236764081
FceRIanegDC_VDAC1_IL18,0.365287235282633
FceRIanegDC_GLUT1_Unstim,0.482999914831975
FceRIanegDC_GLUT1_LPS,0.741582624034379
FceRIanegDC_GLUT1_IL246,0.861965633643061
FceRIanegDC_GLUT1_IL18,0.979272529605356
FceRIanegDC_CPT1a_Unstim,0.858825377880147
FceRIanegDC_CPT1a_LPS,0.796552768560577
FceRIanegDC_CPT1a_IL246,0.91564395944384
FceRIanegDC_CPT1a_IL18,0.568960928235011
FceRIanegDC_pCREB_Unstim,0.402375552868681
FceRIanegDC_pCREB_LPS,0.8494181952811
FceRIanegDC_pCREB_IL246,0.470619706176199
FceRIanegDC_pCREB_IL18,0.0736649516415017
FceRIanegDC_pSTAT5_Unstim,0.668323863386193
FceRIanegDC_pSTAT5_IL246,0.513420502681914
FceRIanegDC_pP38_Unstim,0.589131293211814
FceRIanegDC_pP38_LPS,0.969709875966582
FceRIanegDC_pP38_IL18,0.292143509050428
FceRIanegDC_pSTAT1_Unstim,1
FceRIanegDC_pSTAT3_Unstim,0.154809972353975
FceRIanegDC_pSTAT3_IL246,0.158844886026367
FceRIanegDC_prpS6_Unstim,0.531615760800502
FceRIanegDC_prpS6_LPS,0.944234472673077
FceRIanegDC_prpS6_IL246,0.279604864781726
FceRIanegDC_prpS6_IL18,0.956966679808893
FceRIanegDC_PD-L1_Unstim,0.756733648750368
FceRIanegDC_PD-L1_LPS,0.354798605082412
FceRIanegDC_PD-L1_IL246,0.988838162851015
FceRIanegDC_PD-L1_IL18,0.9029697956152
FceRIanegDC_CD44_Unstim,0.274306605129595
FceRIanegDC_CD44_LPS,0.985649372213776
FceRIanegDC_CD44_IL246,0.9029697956152
FceRIanegDC_CD44_IL18,0.384648777588793
FceRIanegDC_pNFkB_Unstim,0.647193494659962
FceRIanegDC_pNFkB_LPS,0.925163855138325
FceRIanegDC_pNFkB_IL246,0.250491003577278
FceRIanegDC_pNFkB_IL18,0.934694479460898
FceRIanegDC_pERK1-2_Unstim,0.921925464795764
FceRIanegDC_pERK1-2_LPS,0.471849345724956
FceRIanegDC_pERK1-2_IL18,0.969709875966582
FceRIanegDC_pSTAT6_Unstim,0.310449032807584
FceRIanegDC_pSTAT6_IL246,0.499340007853782
FceRIanegDC_pPLCg1_Unstim,0.128288675475926
FceRIanegDC_pPLCg1_LPS,0.621561766095664
FceRIanegDC_pPLCg1_IL246,0.593612197667221
FceRIanegDC_pPLCg1_IL18,0.86825264596516
FceRIanegDC_CXCR4_Unstim,0.771978760057143
FceRIanegDC_CXCR4_LPS,0.972897011293104
FceRIanegDC_CXCR4_IL246,0.544809569063388
FceRIanegDC_CXCR4_IL18,0.717550200323597
FceRIanegDC_CD62L_Unstim,0.787312416725095
FceRIanegDC_CD62L_LPS,0.655833259247299
FceRIanegDC_CD62L_IL246,0.676171003421774
FceRIanegDC_CD62L_IL18,0.76892247532419
FceRIanegDC_HK2_Unstim,0.324487669752911
FceRIanegDC_HK2_LPS,0.899804986267321
FceRIanegDC_HK2_IL246,0.818222691900771
FceRIanegDC_HK2_IL18,0.505722983536991
FceRIanegDC_CD63_Unstim,0.399960883210095
FceRIanegDC_CD63_LPS,0.402203390781032
FceRIanegDC_CD63_IL246,0.411393362591827
FceRIanegDC_CD63_IL18,0.683482581034439
FceRIaposDC_VDAC1_Unstim,0.884005817422193
FceRIaposDC_VDAC1_LPS,0.607515259704567
FceRIaposDC_VDAC1_IL246,0.413699423022851
FceRIaposDC_VDAC1_IL18,0.0920339281496106
FceRIaposDC_GLUT1_Unstim,0.18782705094624
FceRIaposDC_GLUT1_LPS,0.210176080610811
FceRIaposDC_GLUT1_IL246,0.475550655835523
FceRIaposDC_GLUT1_IL18,0.627219600381938
FceRIaposDC_CPT1a_Unstim,0.696747810580789
FceRIaposDC_CPT1a_LPS,0.995216228130815
FceRIaposDC_CPT1a_IL246,0.332400792506407
FceRIaposDC_CPT1a_IL18,0.632899442688019
FceRIaposDC_pCREB_Unstim,0.10167224073689
FceRIaposDC_pCREB_LPS,0.918815982187917
FceRIaposDC_pCREB_IL246,0.129294958023327
FceRIaposDC_pCREB_IL18,0.324487669752911
FceRIaposDC_pSTAT5_Unstim,0.865108072578744
FceRIaposDC_pSTAT5_IL246,0.155328869339081
FceRIaposDC_pP38_Unstim,0.469578590338429
FceRIaposDC_pP38_LPS,0.434551300125285
FceRIaposDC_pP38_IL18,0.956909114556992
FceRIaposDC_pSTAT1_Unstim,0.170561284615243
FceRIaposDC_pSTAT3_Unstim,0.0077206756081097
FceRIaposDC_pSTAT3_IL246,0.309032476924964
FceRIaposDC_prpS6_Unstim,0.365287235282633
FceRIaposDC_prpS6_LPS,0.0382206307931993
FceRIaposDC_prpS6_IL246,0.0433295990642377
FceRIaposDC_prpS6_IL18,0.116682910645606
FceRIaposDC_PD-L1_Unstim,0.0298249409489718
FceRIaposDC_PD-L1_LPS,0.960151575468431
FceRIaposDC_PD-L1_IL246,0.176053024308165
FceRIaposDC_PD-L1_IL18,0.0668536635532525
FceRIaposDC_CD44_Unstim,0.247210373723569
FceRIaposDC_CD44_LPS,0.263916928161143
FceRIaposDC_CD44_IL246,0.358971030378022
FceRIaposDC_CD44_IL18,0.219034693433886
FceRIaposDC_pNFkB_Unstim,0.630056787864861
FceRIaposDC_pNFkB_LPS,0.621561766095664
FceRIaposDC_pNFkB_IL246,0.0723859727514718
FceRIaposDC_pNFkB_IL18,0.673250666965161
FceRIaposDC_pERK1-2_Unstim,0.262210140405714
FceRIaposDC_pERK1-2_LPS,0.76892247532419
FceRIaposDC_pERK1-2_IL18,0.9029697956152
FceRIaposDC_pSTAT6_Unstim,0.310449032807584
FceRIaposDC_pSTAT6_IL246,0.641453161188412
FceRIaposDC_pPLCg1_Unstim,0.0991903918969615
FceRIaposDC_pPLCg1_LPS,0.523777951406092
FceRIaposDC_pPLCg1_IL246,0.861965633643061
FceRIaposDC_pPLCg1_IL18,0.571675662319792
FceRIaposDC_CXCR4_Unstim,0.627219600381938
FceRIaposDC_CXCR4_LPS,0.588092045381718
FceRIaposDC_CXCR4_IL246,0.960151575468431
FceRIaposDC_CXCR4_IL18,0.0527966604855679
FceRIaposDC_CD62L_Unstim,0.498086647681776
FceRIaposDC_CD62L_LPS,0.441634551679392
FceRIaposDC_CD62L_IL246,0.918815982187917
FceRIaposDC_CD62L_IL18,0.475550655835523
FceRIaposDC_HK2_Unstim,0.0967571292332035
FceRIaposDC_HK2_LPS,0.243959951024634
FceRIaposDC_HK2_IL246,0.790389278545982
FceRIaposDC_HK2_IL18,0.409147411161023
FceRIaposDC_CD63_Unstim,0.134418584459558
FceRIaposDC_CD63_LPS,0.0639337035591907
FceRIaposDC_CD63_IL246,0.571675662319792
FceRIaposDC_CD63_IL18,0.133381494551277
cMCs_VDAC1_Unstim,0.621561766095664
cMCs_VDAC1_LPS,0.198772027547351
cMCs_VDAC1_IL246,0.0817319803786288
cMCs_VDAC1_IL18,0.194614266040038
cMCs_GLUT1_Unstim,0.979272529605356
cMCs_GLUT1_LPS,0.299624190045149
cMCs_GLUT1_IL246,0.56625236764081
cMCs_GLUT1_IL18,0.747631393361605
cMCs_CPT1a_Unstim,0.181216148380537
cMCs_CPT1a_LPS,0.574396540495506
cMCs_CPT1a_IL246,0.508282055529881
cMCs_CPT1a_IL18,0.336403706216749
cMCs_pCREB_Unstim,0.0705016451341265
cMCs_pCREB_LPS,0.0148418970134066
cMCs_pCREB_IL246,0.316698222283263
cMCs_pCREB_IL18,0.508282055529881
cMCs_pSTAT5_Unstim,0.150733160220719
cMCs_pSTAT5_IL246,0.790389278545982
cMCs_pP38_Unstim,0.100836098577315
cMCs_pP38_LPS,0.880851306079082
cMCs_pP38_IL246,0.470619706176199
cMCs_pP38_IL18,0.632899101052492
cMCs_pSTAT1_Unstim,0.0612439553122765
cMCs_pSTAT1_IL246,0.0409040541999734
cMCs_pSTAT3_Unstim,0.0333006431785065
cMCs_pSTAT3_IL246,0.0119995206107151
cMCs_prpS6_Unstim,0.354798605082412
cMCs_prpS6_LPS,0.205845296807912
cMCs_prpS6_IL246,0.214572429173816
cMCs_prpS6_IL18,0.555480438909958
cMCs_PD-L1_Unstim,0.216052509692409
cMCs_PD-L1_LPS,0.947416316777446
cMCs_PD-L1_IL246,0.568960928235011
cMCs_PD-L1_IL18,0.0611198766330978
cMCs_CD44_Unstim,0.269077345099702
cMCs_CD44_LPS,0.693794135542382
cMCs_CD44_IL246,0.33841674418806
cMCs_CD44_IL18,0.226619189035341
cMCs_pNFkB_Unstim,0.661618883749257
cMCs_pNFkB_LPS,0.458416719284724
cMCs_pNFkB_IL246,0.193242624552938
cMCs_pNFkB_IL18,0.83378773741967
cMCs_pERK1-2_Unstim,0.217539926950192
cMCs_pERK1-2_LPS,0.582595741630551
cMCs_pERK1-2_IL246,0.963337107236902
cMCs_pERK1-2_IL18,0.397898550265352
cMCs_pSTAT6_Unstim,0.147260908196871
cMCs_pSTAT6_IL246,0.198772027547351
cMCs_pPLCg1_Unstim,0.0824353931148941
cMCs_pPLCg1_LPS,0.61874118801312
cMCs_pPLCg1_IL246,0.32252871119086
cMCs_pPLCg1_IL18,0.720539575916124
cMCs_CXCR4_Unstim,0.593612197667221
cMCs_CXCR4_LPS,0.771978760057143
cMCs_CXCR4_IL246,0.714565143878602
cMCs_CXCR4_IL18,0.503170709872556
cMCs_CD62L_Unstim,0.750661641766968
cMCs_CD62L_LPS,0.928339604900944
cMCs_CD62L_IL246,0.899804986267321
cMCs_CD62L_IL18,0.234389186712822
cMCs_HK2_Unstim,0.684961136242108
cMCs_HK2_LPS,0.652948144573378
cMCs_HK2_IL246,0.944234472673077
cMCs_HK2_IL18,0.693794135542382
cMCs_CD63_Unstim,0.17351296345192
cMCs_CD63_LPS,0.83378773741967
cMCs_CD63_IL246,0.286776780711738
cMCs_CD63_IL18,0.422892873590559
intMCs_VDAC1_Unstim,0.593612197667221
intMCs_VDAC1_LPS,0.128288675475926
intMCs_VDAC1_IL246,0.127288491640477
intMCs_VDAC1_IL18,0.147354943934225
intMCs_GLUT1_Unstim,0.732539435244884
intMCs_GLUT1_LPS,0.211634227547474
intMCs_GLUT1_IL246,0.99840540088491
intMCs_GLUT1_IL18,0.861965633643061
intMCs_CPT1a_Unstim,0.274306605129595
intMCs_CPT1a_LPS,0.45358566016082
intMCs_CPT1a_IL246,0.316698222283263
intMCs_CPT1a_IL18,0.216052509692409
intMCs_pCREB_Unstim,0.140772539939424
intMCs_pCREB_LPS,0.0485463993450655
intMCs_pCREB_IL246,0.222046323155876
intMCs_pCREB_IL18,0.505722983536991
intMCs_pSTAT5_Unstim,0.560853883202473
intMCs_pSTAT5_IL246,0.12141427661592
intMCs_pP38_Unstim,0.136509880114762
intMCs_pP38_LPS,0.655833259247299
intMCs_pP38_IL246,0.526383955400716
intMCs_pP38_IL18,0.361068761853446
intMCs_pSTAT1_Unstim,0.0362287971742251
intMCs_pSTAT1_IL246,0.101198597474964
intMCs_pSTAT3_Unstim,0.420583363729758
intMCs_pSTAT3_IL246,0.0146786787470593
intMCs_prpS6_Unstim,0.361068761853446
intMCs_prpS6_LPS,0.0975628558269507
intMCs_prpS6_IL246,0.0343066803249497
intMCs_prpS6_IL18,0.265629428298533
intMCs_PD-L1_Unstim,0.365287235282633
intMCs_PD-L1_LPS,0.515999831238447
intMCs_PD-L1_IL246,0.941053518054758
intMCs_PD-L1_IL18,0.0499300476885362
intMCs_CD44_Unstim,0.229704849185938
intMCs_CD44_LPS,0.802728974419084
intMCs_CD44_IL246,0.177333404759712
intMCs_CD44_IL18,0.160030179667463
intMCs_pNFkB_Unstim,0.931516496462828
intMCs_pNFkB_LPS,0.411419680826386
intMCs_pNFkB_IL246,0.448783458255733
intMCs_pNFkB_IL18,0.418281276859517
intMCs_pERK1-2_Unstim,0.290408919248113
intMCs_pERK1-2_LPS,0.756733648750368
intMCs_pERK1-2_IL246,0.624387914964712
intMCs_pERK1-2_IL18,0.413699423022851
intMCs_pSTAT6_Unstim,0.90808916993798094
intMCs_pSTAT6_IL246,0.171000388623915
intMCs_pPLCg1_Unstim,0.237549434579061
intMCs_pPLCg1_LPS,0.579856610206567
intMCs_pPLCg1_IL246,0.778101911119967
intMCs_pPLCg1_IL18,0.624387914964712
intMCs_CXCR4_Unstim,0.950598999767901
intMCs_CXCR4_LPS,0.621561766095664
intMCs_CXCR4_IL246,0.563550009672941
intMCs_CXCR4_IL18,0.468164856008467
intMCs_CD62L_Unstim,0.108532639413818
intMCs_CD62L_LPS,0.0333006431785065
intMCs_CD62L_IL246,0.167282758956286
intMCs_CD62L_IL18,0.382467011130968
intMCs_HK2_Unstim,0.676171003421774
intMCs_HK2_LPS,0.404625335907564
intMCs_HK2_IL246,0.498086647681776
intMCs_HK2_IL18,0.436905063439822
intMCs_CD63_Unstim,0.632899442688019
intMCs_CD63_LPS,0.644324032437052
intMCs_CD63_IL246,0.555480438909958
intMCs_CD63_IL18,0.858825377880147
ncMCs_VDAC1_Unstim,0.328428775890391
ncMCs_VDAC1_LPS,0.051826210707037
ncMCs_VDAC1_IL246,0.632899442688019
ncMCs_VDAC1_IL18,0.258825180177933
ncMCs_GLUT1_Unstim,0.468164856008467
ncMCs_GLUT1_LPS,0.661618883749257
ncMCs_GLUT1_IL246,0.150733160220719
ncMCs_GLUT1_IL18,0.661618883749257
ncMCs_CPT1a_Unstim,0.232820280130848
ncMCs_CPT1a_LPS,0.693794135542382
ncMCs_CPT1a_IL246,0.130307360295309
ncMCs_CPT1a_IL18,0.277831102677552
ncMCs_pCREB_Unstim,0.0611198766330978
ncMCs_pCREB_LPS,0.247210373723569
ncMCs_pCREB_IL246,0.753695741443526
ncMCs_pCREB_IL18,0.373816055104529
ncMCs_pSTAT5_Unstim,0.840032405029695
ncMCs_pSTAT5_IL246,0.921989297483472
ncMCs_pP38_Unstim,0.414302390258905
ncMCs_pP38_LPS,0.762820710810605
ncMCs_pP38_IL18,0.288588998308837
ncMCs_pSTAT1_Unstim,0.0501523931373509
ncMCs_pSTAT3_Unstim,0.278298762172085
ncMCs_pSTAT3_IL246,0.585340896924458
ncMCs_prpS6_Unstim,0.635747529884173
ncMCs_prpS6_LPS,0.568960928235011
ncMCs_prpS6_IL246,0.0662610470779405
ncMCs_prpS6_IL18,0.513420502681914
ncMCs_PD-L1_Unstim,0.615926214710089
ncMCs_PD-L1_LPS,0.778101911119967
ncMCs_PD-L1_IL246,0.332400792506407
ncMCs_PD-L1_IL18,0.12432432128405
ncMCs_CD44_Unstim,0.348597634878121
ncMCs_CD44_LPS,0.635747529884173
ncMCs_CD44_IL246,0.818222691900771
ncMCs_CD44_IL18,0.735549778988347
ncMCs_pNFkB_Unstim,0.87769868410232
ncMCs_pNFkB_LPS,0.544809569063388
ncMCs_pNFkB_IL246,0.684961136242108
ncMCs_pNFkB_IL18,0.950598999767901
ncMCs_pERK1-2_Unstim,0.358971030378022
ncMCs_pERK1-2_LPS,0.896641769244521
ncMCs_pERK1-2_IL246,0.593612197667221
ncMCs_pERK1-2_IL18,0.855687353908456
ncMCs_pSTAT6_Unstim,0.310449032807584
ncMCs_pSTAT6_IL246,0.402375080094193
ncMCs_pPLCg1_Unstim,0.185161642963827
ncMCs_pPLCg1_LPS,0.771978760057143
ncMCs_pPLCg1_IL246,0.843158544551401
ncMCs_pPLCg1_IL18,0.495554903536282
ncMCs_CXCR4_Unstim,0.899804986267321
ncMCs_CXCR4_LPS,0.771978760057143
ncMCs_CXCR4_IL246,0.446393220396589
ncMCs_CXCR4_IL18,0.436905063439822
ncMCs_CD62L_Unstim,0.726531118030919
ncMCs_CD62L_LPS,0.257143158023081
ncMCs_CD62L_IL246,0.288588998308837
ncMCs_CD62L_IL18,0.979272529605356
ncMCs_HK2_Unstim,0.17351296345192
ncMCs_HK2_LPS,0.890320310937095
ncMCs_HK2_IL246,0.593612197667221
ncMCs_HK2_IL18,0.690845105016855
ncMCs_CD63_Unstim,0.59915594767634
ncMCs_CD63_LPS,0.899804986267321
ncMCs_CD63_IL246,0.812016317013839
ncMCs_CD63_IL18,0.295914936417206
NK_VDAC1_Unstim,0.503170709872556
NK_VDAC1_LPS,0.283175440208903
NK_VDAC1_IL246,0.130307360295309
NK_VDAC1_IL18,0.205845296807912
NK_GLUT1_Unstim,0.808917526857611
NK_GLUT1_LPS,0.830669304871287
NK_GLUT1_IL246,0.796552768560577
NK_GLUT1_IL18,0.852551610240599
NK_CPT1a_Unstim,0.139697800470746
NK_CPT1a_LPS,0.45358566016082
NK_CPT1a_IL246,0.0705016451341265
NK_CPT1a_IL18,0.231258837850197
NK_pCREB_Unstim,0.0425079210482387
NK_pCREB_LPS,0.455997591038201
NK_pCREB_IL246,0.515999831238447
NK_pCREB_IL18,0.31093731710863
NK_pSTAT5_Unstim,0.354798605082412
NK_pSTAT5_IL246,0.3934517014738
NK_pP38_Unstim,0.960806088611981
NK_pP38_LPS,0.584838709811621
NK_pP38_IL18,0.86825264596516
NK_pSTAT1_Unstim,1
NK_pSTAT3_Unstim,0.990788699882097
NK_pSTAT3_IL246,0.186770108501488
NK_prpS6_Unstim,0.513420502681914
NK_prpS6_LPS,0.200172276279087
NK_prpS6_IL246,0.389035085656987
NK_prpS6_IL18,0.508282055529881
NK_PD-L1_Unstim,0.0336331471443279
NK_PD-L1_LPS,0.641459860324881
NK_PD-L1_IL246,0.972897011293104
NK_PD-L1_IL18,0.328428775890391
NK_CD44_Unstim,0.316698222283263
NK_CD44_LPS,0.455997591038201
NK_CD44_IL246,0.510847902965791
NK_CD44_IL18,0.292236547075381
NK_pNFkB_Unstim,0.781168687613797
NK_pNFkB_LPS,0.243959951024634
NK_pNFkB_IL246,0.523777951406092
NK_pNFkB_IL18,0.523777951406092
NK_pERK1-2_Unstim,0.240739190542389
NK_pERK1-2_LPS,0.83378773741967
NK_pERK1-2_IL246,0.436905063439822
NK_pERK1-2_IL18,0.893480194257099
NK_pSTAT6_Unstim,0.310449032807584
NK_pSTAT6_IL246,0.332400792506407
NK_pPLCg1_Unstim,0.0611198766330978
NK_pPLCg1_LPS,0.465717113964911
NK_pPLCg1_IL246,0.577123533099424
NK_pPLCg1_IL18,0.22356321049326
NK_CXCR4_Unstim,0.738564189495056
NK_CXCR4_IL246,0.830669304871287
NK_CXCR4_IL18,0.263916928161143
NK_CD62L_Unstim,0.257143158023081
NK_CD62L_LPS,0.812016317013839
NK_CD62L_IL246,0.750661641766968
NK_CD62L_IL18,0.354798605082412
NK_HK2_Unstim,0.0433295990642377
NK_HK2_LPS,0.925163855138325
NK_HK2_IL246,0.54746771517458
NK_HK2_IL18,0.661618883749257
NK_CD63_Unstim,0.852551610240599
NK_CD63_LPS,0.963337107236902
NK_CD63_IL246,0.427534109678624
NK_CD63_IL18,0.714565143878602
CD16-_VDAC1_Unstim,0.336403706216749
CD16-_VDAC1_LPS,0.279604864781726
CD16-_VDAC1_IL246,0.0263935041659219
CD16-_VDAC1_IL18,0.404625335907564
CD16-_GLUT1_Unstim,0.418281276859517
CD16-_GLUT1_LPS,0.380292847669709
CD16-_GLUT1_IL246,0.756733648750368
CD16-_GLUT1_IL18,0.947416316777446
CD16-_CPT1a_Unstim,0.057879474375911
CD16-_CPT1a_LPS,0.799639305033235
CD16-_CPT1a_IL246,0.0557995433410259
CD16-_CPT1a_IL18,0.161222148353689
CD16-_pCREB_Unstim,0.0523095537548248
CD16-_pCREB_LPS,0.500625257144276
CD16-_pCREB_IL246,0.969709875966582
CD16-_pCREB_IL18,0.495554903536282
CD16-_pSTAT5_Unstim,0.9665232243378
CD16-_pSTAT5_IL246,0.493030046480314
CD16-_pP38_Unstim,0.691384981860734
CD16-_pP38_LPS,0.213755644023303
CD16-_pP38_IL18,0.568960928235011
CD16-_pSTAT1_Unstim,1
CD16-_pSTAT3_Unstim,0.397452576505476
CD16-_pSTAT3_IL246,0.723510850132328
CD16-_prpS6_Unstim,0.717550200323597
CD16-_prpS6_LPS,0.226619189035341
CD16-_prpS6_IL246,0.528996566896434
CD16-_prpS6_IL18,0.279604864781726
CD16-_PD-L1_Unstim,0.222046323155876
CD16-_PD-L1_LPS,0.790389278545982
CD16-_PD-L1_IL246,0.744605039689974
CD16-_PD-L1_IL18,0.871399304978956
CD16-_CD44_Unstim,0.76892247532419
CD16-_CD44_LPS,0.950598999767901
CD16-_CD44_IL246,0.861965633643061
CD16-_CD44_IL18,0.358971030378022
CD16-_pNFkB_Unstim,0.960151575468431
CD16-_pNFkB_LPS,0.314770189218352
CD16-_pNFkB_IL246,0.272555859192612
CD16-_pNFkB_IL18,0.404625335907564
CD16-_pERK1-2_Unstim,0.237549434579061
CD16-_pERK1-2_LPS,0.812016317013839
CD16-_pERK1-2_IL246,0.696747810580789
CD16-_pERK1-2_IL18,0.753695741443526
CD16-_pSTAT6_Unstim,0.310449032807584
CD16-_pSTAT6_IL246,0.0756180130203212
CD16-_pPLCg1_Unstim,0.346546040659773
CD16-_pPLCg1_LPS,0.741582624034379
CD16-_pPLCg1_IL246,0.799639305033235
CD16-_pPLCg1_IL18,0.455997591038201
CD16-_CXCR4_Unstim,0.54746771517458
CD16-_CXCR4_IL246,0.330410921130078
CD16-_CXCR4_IL18,0.615926214710089
CD16-_CD62L_Unstim,0.375967361943535
CD16-_CD62L_LPS,0.846287157324155
CD16-_CD62L_IL246,0.652948144573378
CD16-_CD62L_IL18,0.342465969537236
CD16-_HK2_Unstim,0.0912650433302816
CD16-_HK2_LPS,0.941053518054758
CD16-_HK2_IL246,0.887162168835953
CD16-_HK2_IL18,0.588092045381718
CD16-_CD63_Unstim,0.858825377880147
CD16-_CD63_LPS,0.884005817422193
CD16-_CD63_IL246,0.409147411161023
CD16-_CD63_IL18,0.415986625782511
CD16+_VDAC1_Unstim,0.418281276859517
CD16+_VDAC1_LPS,0.297765703860033
CD16+_VDAC1_IL246,0.125306335721671
CD16+_VDAC1_IL18,0.219034693433886
CD16+_GLUT1_Unstim,0.950598999767901
CD16+_GLUT1_LPS,0.714565143878602
CD16+_GLUT1_IL246,0.552803177499746
CD16+_GLUT1_IL18,0.893480194257099
CD16+_CPT1a_Unstim,0.119504031635318
CD16+_CPT1a_LPS,0.429865808905232
CD16+_CPT1a_IL246,0.0639337035591907
CD16+_CPT1a_IL18,0.14513515873847
CD16+_pCREB_Unstim,0.035338575894443
CD16+_pCREB_LPS,0.508282055529881
CD16+_pCREB_IL246,0.482999914831975
CD16+_pCREB_IL18,0.340437499568846
CD16+_pSTAT5_Unstim,0.279604864781726
CD16+_pSTAT5_IL246,0.46327649845657
CD16+_pP38_Unstim,0.960806088611981
CD16+_pP38_LPS,0.52255327043888
CD16+_pP38_IL18,0.9665232243378
CD16+_pSTAT1_Unstim,1
CD16+_pSTAT3_Unstim,0.672892849884907
CD16+_pSTAT3_IL246,0.134412970276884
CD16+_prpS6_Unstim,0.536873794094181
CD16+_prpS6_LPS,0.181216148380537
CD16+_prpS6_IL246,0.448783458255733
CD16+_prpS6_IL18,0.482999914831975
CD16+_PD-L1_Unstim,0.0143569821156289
CD16+_PD-L1_LPS,0.552803177499746
CD16+_PD-L1_IL246,0.865108072578744
CD16+_PD-L1_IL18,0.299624190045149
CD16+_CD44_Unstim,0.460843027613501
CD16+_CD44_LPS,0.455997591038201
CD16+_CD44_IL246,0.446393220396589
CD16+_CD44_IL18,0.232820280130848
CD16+_pNFkB_Unstim,0.86825264596516
CD16+_pNFkB_LPS,0.213099672735432
CD16+_pNFkB_IL246,0.534241511746364
CD16+_pNFkB_IL18,0.503170709872556
CD16+_pERK1-2_Unstim,0.226619189035341
CD16+_pERK1-2_LPS,0.673250666965161
CD16+_pERK1-2_IL246,0.56625236764081
CD16+_pERK1-2_IL18,0.99840540088491
CD16+_pSTAT6_Unstim,0.310449032807584
CD16+_pSTAT6_IL246,0.314770189218352
CD16+_pPLCg1_Unstim,0.0494652027284781
CD16+_pPLCg1_LPS,0.406882625717066
CD16+_pPLCg1_IL246,0.536873794094181
CD16+_pPLCg1_IL18,0.160030179667463
CD16+_CXCR4_Unstim,0.699706090183384
CD16+_CXCR4_IL246,0.91247327938168
CD16+_CXCR4_IL18,0.18782705094624
CD16+_CD62L_Unstim,0.32252871119086
CD16+_CD62L_LPS,0.693794135542382
CD16+_CD62L_IL246,0.87769868410232
CD16+_CD62L_IL18,0.389035085656987
CD16+_HK2_Unstim,0.0720687988196305
CD16+_HK2_LPS,0.9029697956152
CD16+_HK2_IL246,0.386838138651972
CD16+_HK2_IL18,0.708608153756181
CD16+_CD63_Unstim,0.976084579464047
CD16+_CD63_LPS,0.91564395944384
CD16+_CD63_IL246,0.384648777588793
CD16+_CD63_IL18,0.56625236764081
Tcells_VDAC1_Unstim,0.32252871119086
Tcells_VDAC1_IL246,0.118557780059861
Tcells_VDAC1_IL18,0.155328869339081
Tcells_GLUT1_Unstim,0.258825180177933
Tcells_GLUT1_IL246,0.644324032437052
Tcells_GLUT1_IL18,0.99840540088491
Tcells_CPT1a_Unstim,0.0336331471443279
Tcells_CPT1a_IL246,0.0711252323614341
Tcells_CPT1a_IL18,0.544809569063388
Tcells_pCREB_Unstim,0.0874977539830995
Tcells_pCREB_IL246,0.824440480214067
Tcells_pCREB_IL18,0.61874118801312
Tcells_pSTAT5_Unstim,0.992027131803755
Tcells_pSTAT5_IL246,0.812016317013839
Tcells_pP38_Unstim,0.984268314153986
Tcells_pP38_IL18,0.370778632201264
Tcells_pSTAT1_Unstim,1
Tcells_pSTAT1_IL246,0.867460685676325
Tcells_pSTAT3_Unstim,0.0529047023173862
Tcells_pSTAT3_IL246,0.630056787864861
Tcells_prpS6_Unstim,0.762820710810605
Tcells_prpS6_IL246,0.0928080082002197
Tcells_prpS6_IL18,0.45358566016082
Tcells_PD-L1_Unstim,0.0165640868576871
Tcells_PD-L1_IL246,0.918815982187917
Tcells_PD-L1_IL18,0.147354943934225
Tcells_CD44_Unstim,0.281386309063109
Tcells_CD44_IL246,0.167282758956286
Tcells_CD44_IL18,0.178620707777503
Tcells_pNFkB_Unstim,0.896641769244521
Tcells_pNFkB_IL246,0.531615760800502
Tcells_pNFkB_IL18,0.515999831238447
Tcells_pERK1-2_Unstim,0.314742959204072
Tcells_pERK1-2_IL246,0.759775319870077
Tcells_pERK1-2_IL18,0.830669304871287
Tcells_pSTAT6_Unstim,0.310449032807584
Tcells_pSTAT6_IL246,0.350656929810848
Tcells_pPLCg1_Unstim,0.0547831541971709
Tcells_pPLCg1_IL246,0.781168687613797
Tcells_pPLCg1_IL18,0.389035085656987
Tcells_CXCR4_Unstim,0.0817319803786288
Tcells_CXCR4_IL246,0.389035085656987
Tcells_CXCR4_IL18,0.765869777407176
Tcells_CD62L_Unstim,0.765869777407176
Tcells_CD62L_IL246,0.604723040503763
Tcells_CD62L_IL18,0.274306605129595
Tcells_HK2_Unstim,0.22356321049326
Tcells_HK2_IL246,0.650068210836015
Tcells_HK2_IL18,0.460843027613501
Tcells_CD63_Unstim,0.274531499076204
Tcells_CD63_IL18,0.286840526504399
gdTcell_VDAC1_Unstim,0.684961136242108
gdTcell_VDAC1_IL246,0.303364327907757
gdTcell_VDAC1_IL18,0.0920339281496106
gdTcell_GLUT1_Unstim,0.356880976397518
gdTcell_GLUT1_IL246,0.247210373723569
gdTcell_GLUT1_IL18,0.54746771517458
gdTcell_CPT1a_Unstim,0.22356321049326
gdTcell_CPT1a_IL246,0.0810334448506696
gdTcell_CPT1a_IL18,0.415986625782511
gdTcell_pCREB_Unstim,0.0409040541999734
gdTcell_pCREB_IL246,0.523777951406092
gdTcell_pCREB_IL18,0.207281628656925
gdTcell_pSTAT5_Unstim,0.477953736891602
gdTcell_pSTAT5_IL246,0.460843027613501
gdTcell_pP38_Unstim,0.984268314153986
gdTcell_pP38_IL18,0.181207378559805
gdTcell_pSTAT1_Unstim,1
gdTcell_pSTAT3_Unstim,0.646442504258737
gdTcell_pSTAT3_IL246,0.130815476040912
gdTcell_prpS6_Unstim,0.411419680826386
gdTcell_prpS6_IL246,0.151872253875459
gdTcell_prpS6_IL18,0.458416719284724
gdTcell_PD-L1_Unstim,0.015682205884179
gdTcell_PD-L1_IL246,0.676171003421774
gdTcell_PD-L1_IL18,0.687900758741793
gdTcell_CD44_Unstim,0.577123533099424
gdTcell_CD44_IL246,0.134418584459558
gdTcell_CD44_IL18,0.342465969537236
gdTcell_pNFkB_Unstim,0.941053518054758
gdTcell_pNFkB_IL246,0.528996566896434
gdTcell_pNFkB_IL18,0.638601014245509
gdTcell_pERK1-2_Unstim,0.352696829529403
gdTcell_pERK1-2_IL246,0.455997591038201
gdTcell_pERK1-2_IL18,0.436905063439822
gdTcell_pSTAT6_Unstim,0.310449032807584
gdTcell_pSTAT6_IL246,0.887162168835953
gdTcell_pPLCg1_Unstim,0.113003098172077
gdTcell_pPLCg1_IL246,0.753695741443526
gdTcell_pPLCg1_IL18,0.348597634878121
gdTcell_CXCR4_Unstim,0.429865808905232
gdTcell_CXCR4_IL246,0.874548000697731
gdTcell_CXCR4_IL18,0.552803177499746
gdTcell_CD62L_Unstim,0.434551300125285
gdTcell_CD62L_IL246,0.607515259704567
gdTcell_CD62L_IL18,0.550132260409152
gdTcell_HK2_Unstim,0.0568315919681906
gdTcell_HK2_IL246,0.627219600381938
gdTcell_HK2_IL18,0.579856610206567
gdTcell_CD63_Unstim,0.465715321241679
gdTcell_CD63_IL246,0.604723040503763
gdTcell_CD63_IL18,0.242346044876876
CD4pCD8pTcell_VDAC1_Unstim,0.673250666965161
CD4pCD8pTcell_VDAC1_IL246,0.577123533099424
CD4pCD8pTcell_VDAC1_IL18,0.446393220396589
CD4pCD8pTcell_GLUT1_Unstim,0.762820710810605
CD4pCD8pTcell_GLUT1_IL246,0.68202627682848
CD4pCD8pTcell_GLUT1_IL18,0.363174165388552
CD4pCD8pTcell_CPT1a_Unstim,0.166057140681837
CD4pCD8pTcell_CPT1a_IL246,0.182524319068546
CD4pCD8pTcell_CPT1a_IL18,0.446393220396589
CD4pCD8pTcell_pCREB_Unstim,0.144034914876816
CD4pCD8pTcell_pCREB_IL246,0.928339604900944
CD4pCD8pTcell_pCREB_IL18,0.840032405029695
CD4pCD8pTcell_pSTAT5_Unstim,0.518585864918995
CD4pCD8pTcell_pSTAT5_IL246,0.22356321049326
CD4pCD8pTcell_pP38_Unstim,0.37515922625433
CD4pCD8pTcell_pP38_IL18,0.671241061276704
CD4pCD8pTcell_pSTAT1_Unstim,1
CD4pCD8pTcell_pSTAT3_Unstim,0.362204845682208
CD4pCD8pTcell_pSTAT3_IL246,0.630056787864861
CD4pCD8pTcell_prpS6_Unstim,0.771978760057143
CD4pCD8pTcell_prpS6_IL246,0.0371172593520913
CD4pCD8pTcell_prpS6_IL18,0.635747529884173
CD4pCD8pTcell_PD-L1_Unstim,0.0471950944524056
CD4pCD8pTcell_PD-L1_IL246,0.448783458255733
CD4pCD8pTcell_PD-L1_IL18,0.195993037115923
CD4pCD8pTcell_CD44_Unstim,0.197378952696815
CD4pCD8pTcell_CD44_IL246,0.613116879933122
CD4pCD8pTcell_CD44_IL18,0.295914936417206
CD4pCD8pTcell_pNFkB_Unstim,0.982460810824673
CD4pCD8pTcell_pNFkB_IL246,0.827553536649439
CD4pCD8pTcell_pNFkB_IL18,0.658723518001446
CD4pCD8pTcell_pERK1-2_Unstim,0.833786091759681
CD4pCD8pTcell_pERK1-2_IL246,0.909303992067766
CD4pCD8pTcell_pERK1-2_IL18,0.641459860324881
CD4pCD8pTcell_pSTAT6_Unstim,0.310449032807584
CD4pCD8pTcell_pSTAT6_IL246,0.56625236764081
CD4pCD8pTcell_pPLCg1_Unstim,0.441634551679392
CD4pCD8pTcell_pPLCg1_IL246,0.160030179667463
CD4pCD8pTcell_pPLCg1_IL18,0.796552768560577
CD4pCD8pTcell_CXCR4_Unstim,0.590849156037018
CD4pCD8pTcell_CXCR4_IL246,0.577123533099424
CD4pCD8pTcell_CXCR4_IL18,0.670335248664544
CD4pCD8pTcell_CD62L_Unstim,0.985649372213776
CD4pCD8pTcell_CD62L_IL246,0.815118054294526
CD4pCD8pTcell_CD62L_IL18,0.54746771517458
CD4pCD8pTcell_HK2_Unstim,0.526383955400716
CD4pCD8pTcell_HK2_IL246,0.231258837850197
CD4pCD8pTcell_HK2_IL18,0.865108072578744
CD4pCD8pTcell_CD63_Unstim,0.948957905793804
CD4pCD8pTcell_CD63_IL246,0.452366500301965
CD4pCD8pTcell_CD63_IL18,0.302421539380527
CD4Tcell_VDAC1_Unstim,0.279604864781726
CD4Tcell_VDAC1_IL246,0.150733160220719
CD4Tcell_VDAC1_IL18,0.18649082845902001
CD4Tcell_GLUT1_Unstim,0.397898550265352
CD4Tcell_GLUT1_IL246,0.687900758741793
CD4Tcell_GLUT1_IL18,0.988838162851015
CD4Tcell_CPT1a_Unstim,0.0326440669540426
CD4Tcell_CPT1a_IL246,0.0967571292332035
CD4Tcell_CPT1a_IL18,0.571675662319792
CD4Tcell_pCREB_Unstim,0.0552894022018151
CD4Tcell_pCREB_IL246,0.488001079331823
CD4Tcell_pCREB_IL18,0.31093731710863
CD4Tcell_pSTAT5_Unstim,0.896641769244521
CD4Tcell_pSTAT5_IL246,0.59915594767634
CD4Tcell_pP38_Unstim,0.984268314153986
CD4Tcell_pSTAT1_Unstim,1
CD4Tcell_pSTAT1_IL246,0.793467382935561
CD4Tcell_pSTAT3_Unstim,0.0273898316048408
CD4Tcell_pSTAT3_IL246,0.99840540088491
CD4Tcell_prpS6_Unstim,0.735549778988347
CD4Tcell_prpS6_IL246,0.0730231710815322
CD4Tcell_prpS6_IL18,0.490512098007404
CD4Tcell_PD-L1_Unstim,0.00382944102318211
CD4Tcell_PD-L1_IL246,0.87769868410232
CD4Tcell_PD-L1_IL18,0.0817319803786288
CD4Tcell_CD44_Unstim,0.0589433654963126
CD4Tcell_CD44_IL246,0.148474524669287
CD4Tcell_CD44_IL18,0.163626184511575
CD4Tcell_pNFkB_Unstim,0.861965633643061
CD4Tcell_pNFkB_IL246,0.444010246243814
CD4Tcell_pNFkB_IL18,0.465717113964911
CD4Tcell_pERK1-2_Unstim,0.160006671076401
CD4Tcell_pERK1-2_IL246,0.406882625717066
CD4Tcell_pERK1-2_IL18,0.775038586934566
CD4Tcell_pSTAT6_Unstim,0.310449032807584
CD4Tcell_pSTAT6_IL246,0.563550009672941
CD4Tcell_pPLCg1_Unstim,0.0283511535976499
CD4Tcell_pPLCg1_IL246,0.821330182897195
CD4Tcell_pPLCg1_IL18,0.425209793360395
CD4Tcell_CXCR4_Unstim,0.0723859727514718
CD4Tcell_CXCR4_IL246,0.375967361943535
CD4Tcell_CXCR4_IL18,0.985649372213776
CD4Tcell_CD62L_Unstim,0.815118054294526
CD4Tcell_CD62L_IL246,0.953782471004331
CD4Tcell_CD62L_IL18,0.117617413620586
CD4Tcell_HK2_Unstim,0.118557780059861
CD4Tcell_HK2_IL246,0.560853883202473
CD4Tcell_HK2_IL18,0.544809569063388
CD4Tcell_CD63_Unstim,0.98360805271434
CD4Tcell_CD63_IL18,0.506488750032263
CD4CM_VDAC1_Unstim,0.277831102677552
CD4CM_VDAC1_IL246,0.139697800470746
CD4CM_VDAC1_IL18,0.18649082845902001
CD4CM_GLUT1_Unstim,0.427534109678624
CD4CM_GLUT1_IL246,0.552803177499746
CD4CM_GLUT1_IL18,0.843158544551401
CD4CM_CPT1a_Unstim,0.0216577826996676
CD4CM_CPT1a_IL246,0.0935873061348637
CD4CM_CPT1a_IL18,0.500625257144276
CD4CM_pCREB_Unstim,0.0454426884568993
CD4CM_pCREB_IL246,0.588092045381718
CD4CM_pCREB_IL18,0.411419680826386
CD4CM_pSTAT5_Unstim,0.518585864918995
CD4CM_pSTAT5_IL246,0.741582624034379
CD4CM_pP38_Unstim,0.532445385354564
CD4CM_pSTAT1_Unstim,1
CD4CM_pSTAT3_Unstim,0.00603269584188103
CD4CM_pSTAT3_IL246,0.518585864918995
CD4CM_prpS6_Unstim,0.781168687613797
CD4CM_prpS6_IL246,0.078287620198006
CD4CM_prpS6_IL18,0.508282055529881
CD4CM_PD-L1_Unstim,0.00359277399725307
CD4CM_PD-L1_IL246,0.726531118030919
CD4CM_PD-L1_IL18,0.144034914876816
CD4CM_CD44_Unstim,0.0527966604855679
CD4CM_CD44_IL246,0.425209793360395
CD4CM_CD44_IL18,0.158844886026367
CD4CM_pNFkB_Unstim,0.802728974419084
CD4CM_pNFkB_IL246,0.411419680826386
CD4CM_pNFkB_IL18,0.436905063439822
CD4CM_pERK1-2_Unstim,0.20369983535214
CD4CM_pERK1-2_IL246,0.281386309063109
CD4CM_pERK1-2_IL18,0.778101911119967
CD4CM_pSTAT6_Unstim,0.310449032807584
CD4CM_pSTAT6_IL246,0.590849156037018
CD4CM_pPLCg1_Unstim,0.0356883758185683
CD4CM_pPLCg1_IL246,0.836908786708897
CD4CM_pPLCg1_IL18,0.389035085656987
CD4CM_CXCR4_Unstim,0.276065017838657
CD4CM_CXCR4_IL246,0.455997591038201
CD4CM_CXCR4_IL18,0.771978760057143
CD4CM_CD62L_Unstim,0.582595741630551
CD4CM_CD62L_IL246,0.750661641766968
CD4CM_CD62L_IL18,0.0499300476885362
CD4CM_HK2_Unstim,0.133381494551277
CD4CM_HK2_IL246,0.615926214710089
CD4CM_HK2_IL18,0.402375552868681
CD4CM_CD63_Unstim,0.86814967784068
CD4CM_CD63_IL18,0.370332955952987
CD4EM_VDAC1_Unstim,0.593612197667221
CD4EM_VDAC1_IL246,0.178620707777503
CD4EM_VDAC1_IL18,0.164838288529439
CD4EM_GLUT1_Unstim,0.577123533099424
CD4EM_GLUT1_IL246,0.702668934191952
CD4EM_GLUT1_IL18,0.960151575468431
CD4EM_CPT1a_Unstim,0.104203281939575
CD4EM_CPT1a_IL246,0.126294385437418
CD4EM_CPT1a_IL18,0.762820710810605
CD4EM_pCREB_Unstim,0.0662610470779405
CD4EM_pCREB_IL246,0.526383955400716
CD4EM_pCREB_IL18,0.237549434579061
CD4EM_pSTAT5_Unstim,0.655833259247299
CD4EM_pSTAT5_IL246,0.518585864918995
CD4EM_pP38_Unstim,0.691384981860734
CD4EM_pSTAT1_Unstim,1
CD4EM_pSTAT3_Unstim,0.414461450268001
CD4EM_pSTAT3_IL246,0.840032405029695
CD4EM_prpS6_Unstim,0.750661641766968
CD4EM_prpS6_IL246,0.0756180130203212
CD4EM_prpS6_IL18,0.510847902965791
CD4EM_PD-L1_Unstim,0.00599626518571167
CD4EM_PD-L1_IL246,0.610313217181188
CD4EM_PD-L1_IL18,0.204416209549561
CD4EM_CD44_Unstim,0.138629386857824
CD4EM_CD44_IL246,0.380292847669709
CD4EM_CD44_IL18,0.156494249572978
CD4EM_pNFkB_Unstim,0.976084579464047
CD4EM_pNFkB_IL246,0.579856610206567
CD4EM_pNFkB_IL18,0.475550655835523
CD4EM_pERK1-2_Unstim,0.299565914792318
CD4EM_pERK1-2_IL246,0.818222691900771
CD4EM_pERK1-2_IL18,0.909303992067766
CD4EM_pSTAT6_Unstim,0.310449032807584
CD4EM_pSTAT6_IL246,0.664519319175315
CD4EM_pPLCg1_Unstim,0.0611198766330978
CD4EM_pPLCg1_IL246,0.890320310937095
CD4EM_pPLCg1_IL18,0.510847902965791
CD4EM_CXCR4_Unstim,0.534241511746364
CD4EM_CXCR4_IL246,0.441634551679392
CD4EM_CXCR4_IL18,0.836908786708897
CD4EM_CD62L_Unstim,0.858794489743641
CD4EM_CD62L_IL246,0.676171003421774
CD4EM_CD62L_IL18,0.434551300125285
CD4EM_HK2_Unstim,0.078287620198006
CD4EM_HK2_IL246,0.43926615230454
CD4EM_HK2_IL18,0.988838162851015
CD4EM_CD63_Unstim,0.877100202484927
CD4EM_CD63_IL18,0.375287027242724
CD4Naive_VDAC1_Unstim,0.19187809758831
CD4Naive_VDAC1_IL246,0.0983739358730545
CD4Naive_VDAC1_IL18,0.183839478525311
CD4Naive_GLUT1_Unstim,0.444010246243814
CD4Naive_GLUT1_IL246,0.802728974419084
CD4Naive_GLUT1_IL18,0.992027131803755
CD4Naive_CPT1a_Unstim,0.0511000397576754
CD4Naive_CPT1a_IL246,0.277831102677552
CD4Naive_CPT1a_IL18,0.485495257693284
CD4Naive_pCREB_Unstim,0.0736646620492062
CD4Naive_pCREB_IL246,0.389035085656987
CD4Naive_pCREB_IL18,0.358971030378022
CD4Naive_pSTAT5_Unstim,0.705636302240363
CD4Naive_pSTAT5_IL246,0.429865808905232
CD4Naive_pP38_Unstim,0.984268314153986
CD4Naive_pSTAT1_Unstim,1
CD4Naive_pSTAT1_IL246,0.242346044876876
CD4Naive_pSTAT3_Unstim,0.0131789557069373
CD4Naive_pSTAT3_IL246,0.890320310937095
CD4Naive_prpS6_Unstim,0.815118054294526
CD4Naive_prpS6_IL246,0.0824353931148941
CD4Naive_prpS6_IL18,0.422892873590559
CD4Naive_PD-L1_Unstim,0.0255909459392528
CD4Naive_PD-L1_IL246,0.596381138792308
CD4Naive_PD-L1_IL18,0.239140796287597
CD4Naive_CD44_Unstim,0.178620707777503
CD4Naive_CD44_IL246,0.100012246401074
CD4Naive_CD44_IL18,0.151872253875459
CD4Naive_pNFkB_Unstim,0.992027131803755
CD4Naive_pNFkB_IL246,0.436905063439822
CD4Naive_pNFkB_IL18,0.588092045381718
CD4Naive_pERK1-2_Unstim,0.135349574599272
CD4Naive_pERK1-2_IL246,0.257143158023081
CD4Naive_pERK1-2_IL18,0.871399304978956
CD4Naive_pSTAT6_Unstim,0.96854274340656
CD4Naive_pSTAT6_IL246,0.43926615230454
CD4Naive_pPLCg1_Unstim,0.0310509463637734
CD4Naive_pPLCg1_IL246,0.799639305033235
CD4Naive_pPLCg1_IL18,0.354798605082412
CD4Naive_CXCR4_Unstim,0.0153411865749192
CD4Naive_CXCR4_IL246,0.458416719284724
CD4Naive_CXCR4_IL18,0.969709875966582
CD4Naive_CD62L_Unstim,0.411419680826386
CD4Naive_CD62L_IL246,0.960151575468431
CD4Naive_CD62L_IL18,0.0756180130203212
CD4Naive_HK2_Unstim,0.0845751219429818
CD4Naive_HK2_IL246,0.309032476924964
CD4Naive_HK2_IL18,0.579856610206567
CD4Naive_CD63_Unstim,0.96854274340656
CD4Naive_CD63_IL18,0.551956735433732
CD4Trm_VDAC1_Unstim,0.613116879933122
CD4Trm_VDAC1_IL246,0.604723040503763
CD4Trm_VDAC1_IL18,0.367407965568813
CD4Trm_GLUT1_Unstim,0.658723518001446
CD4Trm_GLUT1_IL246,0.995216228130815
CD4Trm_GLUT1_IL18,0.765869777407176
CD4Trm_CPT1a_Unstim,0.444001089944396
CD4Trm_CPT1a_IL246,0.425209793360395
CD4Trm_CPT1a_IL18,0.395671351592373
CD4Trm_pCREB_Unstim,0.217539464767142
CD4Trm_pCREB_IL246,0.753695741443526
CD4Trm_pCREB_IL18,0.485497011388337
CD4Trm_pSTAT5_Unstim,0.934694479460898
CD4Trm_pSTAT5_IL246,0.0983739358730545
CD4Trm_pP38_Unstim,0.354093350390241
CD4Trm_pP38_IL18,0.899078810704748
CD4Trm_pSTAT1_Unstim,1
CD4Trm_pSTAT1_IL246,0.672148958086199
CD4Trm_pSTAT3_Unstim,0.616216877367236
CD4Trm_pSTAT3_IL246,0.912473191793352
CD4Trm_prpS6_Unstim,0.982460810824673
CD4Trm_prpS6_IL246,0.0730231710815322
CD4Trm_prpS6_IL18,0.56625236764081
CD4Trm_PD-L1_Unstim,0.12432432128405
CD4Trm_PD-L1_IL246,0.985649372213776
CD4Trm_PD-L1_IL18,0.380292847669709
CD4Trm_CD44_Unstim,0.400133287460087
CD4Trm_CD44_IL246,0.852551610240599
CD4Trm_CD44_IL18,0.340437499568846
CD4Trm_pNFkB_Unstim,0.818222691900771
CD4Trm_pNFkB_IL246,0.799639305033235
CD4Trm_pNFkB_IL18,0.928339604900944
CD4Trm_pERK1-2_Unstim,0.339711634058821
CD4Trm_pERK1-2_IL246,0.417061709625802
CD4Trm_pERK1-2_IL18,0.560840103411551
CD4Trm_pSTAT6_Unstim,0.310449032807584
CD4Trm_pSTAT6_IL246,0.824440480214067
CD4Trm_pPLCg1_Unstim,0.0928080082002197
CD4Trm_pPLCg1_IL246,0.771978760057143
CD4Trm_pPLCg1_IL18,0.960151575468431
CD4Trm_CXCR4_Unstim,0.312849887642495
CD4Trm_CXCR4_IL246,0.427534109678624
CD4Trm_CXCR4_IL18,0.478026717100792
CD4Trm_CD62L_Unstim,0.92675151076034
CD4Trm_CD62L_IL246,0.219034693433886
CD4Trm_CD62L_IL18,0.86825264596516
CD4Trm_HK2_Unstim,0.340437499568846
CD4Trm_HK2_IL246,0.409147411161023
CD4Trm_HK2_IL18,0.632899442688019
CD4Trm_CD63_Unstim,0.318313600415982
CD4Trm_CD63_IL246,0.918000750001359
CD4Trm_CD63_IL18,0.399041484511026
Ki67CD4Tcell_VDAC1_Unstim,0.334398388219887
Ki67CD4Tcell_VDAC1_IL246,0.744605039689974
Ki67CD4Tcell_VDAC1_IL18,0.183839478525311
Ki67CD4Tcell_GLUT1_Unstim,0.765869777407176
Ki67CD4Tcell_GLUT1_IL246,0.673250666965161
Ki67CD4Tcell_GLUT1_IL18,0.906136147501942
Ki67CD4Tcell_CPT1a_Unstim,0.0856614009335763
Ki67CD4Tcell_CPT1a_IL246,0.0686577447080299
Ki67CD4Tcell_CPT1a_IL18,0.294071885104695
Ki67CD4Tcell_pCREB_Unstim,0.0421020485417936
Ki67CD4Tcell_pCREB_IL246,0.386838138651972
Ki67CD4Tcell_pCREB_IL18,0.655833259247299
Ki67CD4Tcell_pSTAT5_Unstim,0.784238871255419
Ki67CD4Tcell_pSTAT5_IL246,0.696747810580789
Ki67CD4Tcell_pP38_Unstim,0.878354340274465
Ki67CD4Tcell_pP38_IL18,0.248880559079675
Ki67CD4Tcell_pSTAT1_Unstim,1
Ki67CD4Tcell_pSTAT1_IL246,0.931515123640381
Ki67CD4Tcell_pSTAT3_Unstim,0.0728686035393884
Ki67CD4Tcell_pSTAT3_IL246,0.76892247532419
Ki67CD4Tcell_prpS6_Unstim,0.852551610240599
Ki67CD4Tcell_prpS6_IL246,0.208725218758436
Ki67CD4Tcell_prpS6_IL18,0.670335248664544
Ki67CD4Tcell_PD-L1_Unstim,0.0445872541113079
Ki67CD4Tcell_PD-L1_IL246,0.702668934191952
Ki67CD4Tcell_PD-L1_IL18,0.328428775890391
Ki67CD4Tcell_CD44_Unstim,0.0711252323614341
Ki67CD4Tcell_CD44_IL246,0.778101911119967
Ki67CD4Tcell_CD44_IL18,0.0905013310760667
Ki67CD4Tcell_pNFkB_Unstim,0.555480438909958
Ki67CD4Tcell_pNFkB_IL246,0.404625335907564
Ki67CD4Tcell_pNFkB_IL18,0.753695741443526
Ki67CD4Tcell_pERK1-2_Unstim,0.412095827998147
Ki67CD4Tcell_pERK1-2_IL246,0.976084099016781
Ki67CD4Tcell_pERK1-2_IL18,0.48050099048309
Ki67CD4Tcell_pSTAT6_Unstim,0.310449032807584
Ki67CD4Tcell_pSTAT6_IL246,0.621561766095664
Ki67CD4Tcell_pPLCg1_Unstim,0.202992537639162
Ki67CD4Tcell_pPLCg1_IL246,0.83378773741967
Ki67CD4Tcell_pPLCg1_IL18,0.790389278545982
Ki67CD4Tcell_CXCR4_Unstim,0.732539435244884
Ki67CD4Tcell_CXCR4_IL246,0.87769868410232
Ki67CD4Tcell_CXCR4_IL18,0.661618883749257
Ki67CD4Tcell_CD62L_Unstim,0.194614266040038
Ki67CD4Tcell_CD62L_IL246,0.166057140681837
Ki67CD4Tcell_CD62L_IL18,0.887162168835953
Ki67CD4Tcell_HK2_Unstim,0.781168687613797
Ki67CD4Tcell_HK2_IL246,0.113914365021148
Ki67CD4Tcell_HK2_IL18,0.528996566896434
Ki67CD4Tcell_CD63_Unstim,0.904510495489928
Ki67CD4Tcell_CD63_IL246,0.426383751564055
Ki67CD4Tcell_CD63_IL18,0.301401064151024
Th1_VDAC1_Unstim,0.332400792506407
Th1_VDAC1_IL246,0.0662610470779405
Th1_VDAC1_IL18,0.113003098172077
Th1_GLUT1_Unstim,0.574396540495506
Th1_GLUT1_IL246,0.292236547075381
Th1_GLUT1_IL18,0.510847902965791
Th1_CPT1a_Unstim,0.0568315919681906
Th1_CPT1a_IL246,0.563550009672941
Th1_CPT1a_IL18,0.775038586934566
Th1_pCREB_Unstim,0.0920339281496106
Th1_pCREB_IL246,0.402375552868681
Th1_pCREB_IL18,0.309032476924964
Th1_pSTAT5_Unstim,0.68202627682848
Th1_pSTAT5_IL246,0.232820280130848
Th1_pP38_Unstim,0.459874303570106
Th1_pP38_IL18,0.829792650656826
Th1_pSTAT1_Unstim,1
Th1_pSTAT1_IL246,0.496696193753737
Th1_pSTAT3_Unstim,0.022791703554555
Th1_pSTAT3_IL246,0.542157849073222
Th1_prpS6_Unstim,0.963337107236902
Th1_prpS6_IL246,0.0803397637969424
Th1_prpS6_IL18,0.590849156037018
Th1_PD-L1_Unstim,0.00848662449680287
Th1_PD-L1_IL246,0.596381138792308
Th1_PD-L1_IL18,0.0943718445917055
Th1_CD44_Unstim,0.0437454452512173
Th1_CD44_IL246,0.262212058050053
Th1_CD44_IL18,0.147354943934225
Th1_pNFkB_Unstim,0.944234472673077
Th1_pNFkB_IL246,0.436905063439822
Th1_pNFkB_IL18,0.560853883202473
Th1_pERK1-2_Unstim,0.0975224547216303
Th1_pERK1-2_IL246,0.726531118030919
Th1_pERK1-2_IL18,0.988838162851015
Th1_pSTAT6_Unstim,0.90808916993798094
Th1_pSTAT6_IL246,0.956966679808893
Th1_pPLCg1_Unstim,0.06223284946885
Th1_pPLCg1_IL246,0.624387914964712
Th1_pPLCg1_IL18,0.358971030378022
Th1_CXCR4_Unstim,0.125306335721671
Th1_CXCR4_IL246,0.378126295324477
Th1_CXCR4_IL18,0.741582624034379
Th1_CD62L_Unstim,0.871399304978956
Th1_CD62L_IL246,0.182524319068546
Th1_CD62L_IL18,0.690845105016855
Th1_HK2_Unstim,0.18782705094624
Th1_HK2_IL246,0.158844886026367
Th1_HK2_IL18,0.585340896924458
Th1_CD63_Unstim,0.258140300613432
Th1_CD63_IL246,0.890037539529546
Th1_CD63_IL18,0.275310134791524
Th2_VDAC1_Unstim,0.918815982187917
Th2_VDAC1_IL246,0.0274973468487722
Th2_VDAC1_IL18,0.211634227547474
Th2_GLUT1_Unstim,0.627219600381938
Th2_GLUT1_IL246,0.397898550265352
Th2_GLUT1_IL18,0.579856610206567
Th2_CPT1a_Unstim,0.057353543030824
Th2_CPT1a_IL246,0.0736649516415017
Th2_CPT1a_IL18,0.488001079331823
Th2_pCREB_Unstim,0.0991903918969615
Th2_pCREB_IL246,0.47308164577615
Th2_pCREB_IL18,0.495554903536282
Th2_pSTAT5_Unstim,0.738564189495056
Th2_pSTAT5_IL246,0.91564395944384
Th2_pP38_Unstim,0.308130109776162
Th2_pP38_IL18,0.806026372899598
Th2_pSTAT1_Unstim,0.337708248249822
Th2_pSTAT1_IL246,0.352617470491396
Th2_pSTAT3_Unstim,0.0499388852888318
Th2_pSTAT3_IL246,0.104203281939575
Th2_prpS6_Unstim,0.8494181952811
Th2_prpS6_IL246,0.10591827016464
Th2_prpS6_IL18,0.585340896924458
Th2_PD-L1_Unstim,0.162420810525288
Th2_PD-L1_IL246,0.123348320852666
Th2_PD-L1_IL18,0.521178579730983
Th2_CD44_Unstim,0.161222148353689
Th2_CD44_IL246,0.178620707777503
Th2_CD44_IL18,0.141853625445787
Th2_pNFkB_Unstim,0.604723040503763
Th2_pNFkB_IL246,0.413699423022851
Th2_pNFkB_IL18,0.326454358333454
Th2_pERK1-2_Unstim,0.684955145182027
Th2_pERK1-2_IL246,0.579856610206567
Th2_pERK1-2_IL18,0.738564189495056
Th2_pSTAT6_Unstim,0.61081202274342
Th2_pSTAT6_IL246,0.650068210836015
Th2_pPLCg1_Unstim,0.110303735880012
Th2_pPLCg1_IL246,0.784238871255419
Th2_pPLCg1_IL18,0.427534109678624
Th2_CXCR4_Unstim,0.992027131803755
Th2_CXCR4_IL246,0.465717113964911
Th2_CXCR4_IL18,0.676171003421774
Th2_CD62L_Unstim,0.513420502681914
Th2_CD62L_IL246,0.676171003421774
Th2_CD62L_IL18,0.149600590275726
Th2_HK2_Unstim,0.771978760057143
Th2_HK2_IL246,0.0319986090882411
Th2_HK2_IL18,0.635747529884173
Th2_CD63_Unstim,0.789147474735318
Th2_CD63_IL246,0.179890452139847
Th2_CD63_IL18,0.255363657119158
Th17_VDAC1_Unstim,0.373816055104529
Th17_VDAC1_IL246,0.37167238211507603
Th17_VDAC1_IL18,0.129294958023327
Th17_GLUT1_Unstim,0.503170709872556
Th17_GLUT1_IL246,0.448783458255733
Th17_GLUT1_IL18,0.921989297483472
Th17_CPT1a_Unstim,0.0594813691577446
Th17_CPT1a_IL246,0.0542807776430008
Th17_CPT1a_IL18,0.498086647681776
Th17_pCREB_Unstim,0.0668536635532525
Th17_pCREB_IL246,0.9029697956152
Th17_pCREB_IL18,0.250491003577278
Th17_pSTAT5_Unstim,0.874548000697731
Th17_pSTAT5_IL246,0.714565143878602
Th17_pP38_Unstim,0.971998830797386
Th17_pP38_IL18,0.699810110073835
Th17_pSTAT1_Unstim,1
Th17_pSTAT1_IL246,0.484565776350092
Th17_pSTAT3_Unstim,0.0630385937659029
Th17_pSTAT3_IL246,0.91564395944384
Th17_prpS6_Unstim,0.91564395944384
Th17_prpS6_IL246,0.10591827016464
Th17_prpS6_IL18,0.451180943658404
Th17_PD-L1_Unstim,0.0198965395767579
Th17_PD-L1_IL246,0.0920339281496106
Th17_PD-L1_IL18,0.840032405029695
Th17_CD44_Unstim,0.0959567335445495
Th17_CD44_IL246,0.963337107236902
Th17_CD44_IL18,0.129294958023327
Th17_pNFkB_Unstim,0.928339604900944
Th17_pNFkB_IL246,0.613116879933122
Th17_pNFkB_IL18,0.544809569063388
Th17_pERK1-2_Unstim,0.218958296087861
Th17_pERK1-2_IL246,0.890320310937095
Th17_pERK1-2_IL18,0.896641769244521
Th17_pSTAT6_Unstim,0.310449032807584
Th17_pSTAT6_IL246,0.824440480214067
Th17_pPLCg1_Unstim,0.035338575894443
Th17_pPLCg1_IL246,0.687900758741793
Th17_pPLCg1_IL18,0.425209793360395
Th17_CXCR4_Unstim,0.45358566016082
Th17_CXCR4_IL246,0.332400792506407
Th17_CXCR4_IL18,0.652948144573378
Th17_CD62L_Unstim,0.202994353058041
Th17_CD62L_IL246,0.963337107236902
Th17_CD62L_IL18,0.735549778988347
Th17_HK2_Unstim,0.115754249411397
Th17_HK2_IL246,0.380292847669709
Th17_HK2_IL18,0.711584447962303
Th17_CD63_Unstim,0.668047907003327
Th17_CD63_IL246,0.357142553596664
Th17_CD63_IL18,0.462618888583651
Treg_VDAC1_Unstim,0.953782471004331
Treg_VDAC1_LPS,0.563550009672941
Treg_VDAC1_IL246,0.699706090183384
Treg_VDAC1_IL18,0.391239609667494
Treg_GLUT1_Unstim,0.887162168835953
Treg_GLUT1_LPS,0.799639305033235
Treg_GLUT1_IL246,0.460843027613501
Treg_GLUT1_IL18,0.887162168835953
Treg_CPT1a_Unstim,0.00676869936716176
Treg_CPT1a_LPS,0.06223284946885
Treg_CPT1a_IL246,0.0920339281496106
Treg_CPT1a_IL18,0.815118054294526
Treg_pCREB_Unstim,0.0356876339467189
Treg_pCREB_LPS,0.762820710810605
Treg_pCREB_IL246,0.890320310937095
Treg_pCREB_IL18,0.422892873590559
Treg_pSTAT5_Unstim,0.91564395944384
Treg_pSTAT5_IL246,0.906136147501942
Treg_pP38_Unstim,0.370931193604556
Treg_pP38_LPS,0.374672310189126
Treg_pP38_IL18,0.847120178948378
Treg_pSTAT1_Unstim,1
Treg_pSTAT1_IL246,0.711483633418839
Treg_pSTAT3_Unstim,0.0469255343695642
Treg_pSTAT3_IL246,0.197378952696815
Treg_prpS6_Unstim,0.805821730486154
Treg_prpS6_LPS,0.222046323155876
Treg_prpS6_IL246,0.146241828508855
Treg_prpS6_IL18,0.720539575916124
Treg_PD-L1_Unstim,0.00790612014018217
Treg_PD-L1_LPS,0.979272529605356
Treg_PD-L1_IL246,0.120456189965836
Treg_PD-L1_IL18,0.147354943934225
Treg_CD44_Unstim,0.146241828508855
Treg_CD44_LPS,0.526383955400716
Treg_CD44_IL246,0.708608153756181
Treg_CD44_IL18,0.240739663143208
Treg_pNFkB_Unstim,0.884005817422193
Treg_pNFkB_LPS,0.382467011130968
Treg_pNFkB_IL246,0.858825377880147
Treg_pNFkB_IL18,0.495554903536282
Treg_pERK1-2_Unstim,0.493030046480314
Treg_pERK1-2_LPS,0.91247327938168
Treg_pERK1-2_IL246,0.684961136242108
Treg_pERK1-2_IL18,0.493030046480314
Treg_pSTAT6_Unstim,0.96854274340656
Treg_pSTAT6_IL246,0.925163855138325
Treg_pPLCg1_Unstim,0.0542807776430008
Treg_pPLCg1_LPS,0.534241511746364
Treg_pPLCg1_IL246,0.753695741443526
Treg_pPLCg1_IL18,0.316698222283263
Treg_CXCR4_Unstim,0.344502151013611
Treg_CXCR4_LPS,0.641459860324881
Treg_CXCR4_IL246,0.382467011130968
Treg_CXCR4_IL18,0.217539926950192
Treg_CD62L_Unstim,0.714565143878602
Treg_CD62L_LPS,0.503170709872556
Treg_CD62L_IL246,0.9665232243378
Treg_CD62L_IL18,0.019063777445591
Treg_HK2_Unstim,0.475550655835523
Treg_HK2_LPS,0.836908786708897
Treg_HK2_IL246,0.478026717100792
Treg_HK2_IL18,0.420583363729758
Treg_CD63_Unstim,0.75120643432296
Treg_CD63_IL246,0.506518482994129
Treg_CD63_IL18,0.515867365684171
CD8Tcell_VDAC1_Unstim,0.326454358333454
CD8Tcell_VDAC1_IL246,0.0723859727514718
CD8Tcell_VDAC1_IL18,0.134418584459558
CD8Tcell_GLUT1_Unstim,0.220536821456499
CD8Tcell_GLUT1_IL246,0.610313217181188
CD8Tcell_GLUT1_IL18,0.893480194257099
CD8Tcell_CPT1a_Unstim,0.0650887955514147
CD8Tcell_CPT1a_IL246,0.0776131297846547
CD8Tcell_CPT1a_IL18,0.515999831238447
CD8Tcell_pCREB_Unstim,0.118557780059861
CD8Tcell_pCREB_IL246,0.425209793360395
CD8Tcell_pCREB_IL18,0.93787350347989
CD8Tcell_pSTAT5_Unstim,0.928339604900944
CD8Tcell_pSTAT5_IL246,0.988838162851015
CD8Tcell_pP38_Unstim,0.599534035373429
CD8Tcell_pSTAT1_Unstim,1
CD8Tcell_pSTAT1_IL246,0.605835229317862
CD8Tcell_pSTAT3_Unstim,0.7410515065811
CD8Tcell_pSTAT3_IL246,0.563549617781498
CD8Tcell_prpS6_Unstim,0.778101911119967
CD8Tcell_prpS6_IL246,0.109415354519088
CD8Tcell_prpS6_IL18,0.4322048771206
CD8Tcell_PD-L1_Unstim,0.171000388623915
CD8Tcell_PD-L1_IL246,0.679096219595826
CD8Tcell_PD-L1_IL18,0.253801909716629
CD8Tcell_CD44_Unstim,0.588092045381718
CD8Tcell_CD44_IL246,0.148474524669287
CD8Tcell_CD44_IL18,0.178620707777503
CD8Tcell_pNFkB_Unstim,0.577123533099424
CD8Tcell_pNFkB_IL246,0.627219600381938
CD8Tcell_pNFkB_IL18,0.54746771517458
CD8Tcell_pERK1-2_Unstim,0.698216285816488
CD8Tcell_pERK1-2_IL246,0.871399304978956
CD8Tcell_pERK1-2_IL18,0.747631393361605
CD8Tcell_pSTAT6_Unstim,0.310449032807584
CD8Tcell_pSTAT6_IL246,0.258825180177933
CD8Tcell_pPLCg1_Unstim,0.0874977539830995
CD8Tcell_pPLCg1_IL246,0.884005817422193
CD8Tcell_pPLCg1_IL18,0.344502151013611
CD8Tcell_CXCR4_Unstim,0.0736649516415017
CD8Tcell_CXCR4_IL246,0.413699423022851
CD8Tcell_CXCR4_IL18,0.607515259704567
CD8Tcell_CD62L_Unstim,0.446393220396589
CD8Tcell_CD62L_IL246,0.156494249572978
CD8Tcell_CD62L_IL18,0.588092045381718
CD8Tcell_HK2_Unstim,0.510847902965791
CD8Tcell_HK2_IL246,0.992027131803755
CD8Tcell_HK2_IL18,0.384648777588793
CD8Tcell_CD63_Unstim,0.390696346137611
CD8Tcell_CD63_IL246,0.474241985019826
CD8Tcell_CD63_IL18,0.493014839287582
CD8CM_VDAC1_Unstim,0.515999831238447
CD8CM_VDAC1_IL246,0.0860264107170679
CD8CM_VDAC1_IL18,0.113003098172077
CD8CM_GLUT1_Unstim,0.858825377880147
CD8CM_GLUT1_IL246,0.468164856008467
CD8CM_GLUT1_IL18,0.950598999767901
CD8CM_CPT1a_Unstim,0.127288491640477
CD8CM_CPT1a_IL246,0.0266658130345998
CD8CM_CPT1a_IL18,0.286776780711738
CD8CM_pCREB_Unstim,0.0467517489207673
CD8CM_pCREB_IL246,0.824440480214067
CD8CM_pCREB_IL18,0.610313217181188
CD8CM_pSTAT5_Unstim,0.687900758741793
CD8CM_pSTAT5_IL246,0.574396540495506
CD8CM_pP38_Unstim,0.725220791559553
CD8CM_pP38_IL18,0.841386693062714
CD8CM_pSTAT1_Unstim,1
CD8CM_pSTAT3_Unstim,0.875221449381193
CD8CM_pSTAT3_IL246,0.714565143878602
CD8CM_prpS6_Unstim,0.950598999767901
CD8CM_prpS6_IL246,0.0817319803786288
CD8CM_prpS6_IL18,0.729533200807795
CD8CM_PD-L1_Unstim,0.0304326405396005
CD8CM_PD-L1_IL246,0.460843027613501
CD8CM_PD-L1_IL18,0.0552894022018151
CD8CM_CD44_Unstim,0.113914365021148
CD8CM_CD44_IL246,0.139697800470746
CD8CM_CD44_IL18,0.149600590275726
CD8CM_pNFkB_Unstim,0.448783458255733
CD8CM_pNFkB_IL246,0.31093731710863
CD8CM_pNFkB_IL18,0.513420502681914
CD8CM_pERK1-2_Unstim,0.861965633643061
CD8CM_pERK1-2_IL246,0.812016317013839
CD8CM_pERK1-2_IL18,0.61874118801312
CD8CM_pSTAT6_Unstim,0.310449032807584
CD8CM_pSTAT6_IL246,0.515999831238447
CD8CM_pPLCg1_Unstim,0.156494249572978
CD8CM_pPLCg1_IL246,0.9029697956152
CD8CM_pPLCg1_IL18,0.593612197667221
CD8CM_CXCR4_Unstim,0.0838569411592905
CD8CM_CXCR4_IL246,0.778101911119967
CD8CM_CXCR4_IL18,0.299624190045149
CD8CM_CD62L_Unstim,0.601936592328434
CD8CM_CD62L_IL246,0.358971030378022
CD8CM_CD62L_IL18,0.269077345099702
CD8CM_HK2_Unstim,0.441634551679392
CD8CM_HK2_IL246,0.744605039689974
CD8CM_HK2_IL18,0.309032476924964
CD8CM_CD63_Unstim,0.293014509208796
CD8CM_CD63_IL246,0.160030179667463
CD8CM_CD63_IL18,0.358969099059525
CD8EM_VDAC1_Unstim,0.59915594767634
CD8EM_VDAC1_IL246,0.207281628656925
CD8EM_VDAC1_IL18,0.190520669931249
CD8EM_GLUT1_Unstim,0.177333404759712
CD8EM_GLUT1_IL246,0.334398388219887
CD8EM_GLUT1_IL18,0.947416316777446
CD8EM_CPT1a_Unstim,0.105057998428487
CD8EM_CPT1a_IL246,0.0589433654963126
CD8EM_CPT1a_IL18,0.47308164577615
CD8EM_pCREB_Unstim,0.234389186712822
CD8EM_pCREB_IL246,0.588092045381718
CD8EM_pCREB_IL18,0.320577483438795
CD8EM_pSTAT5_Unstim,0.544809569063388
CD8EM_pSTAT5_IL246,0.802728974419084
CD8EM_pP38_Unstim,0.984268314153986
CD8EM_pP38_IL18,0.246247500082917
CD8EM_pSTAT1_Unstim,1
CD8EM_pSTAT3_Unstim,0.196444400177141
CD8EM_pSTAT3_IL246,0.979272508784242
CD8EM_prpS6_Unstim,0.68202627682848
CD8EM_prpS6_IL246,0.118557780059861
CD8EM_prpS6_IL18,0.47308164577615
CD8EM_PD-L1_Unstim,0.972897011293104
CD8EM_PD-L1_IL246,0.31093731710863
CD8EM_PD-L1_IL18,0.356880976397518
CD8EM_CD44_Unstim,0.406882625717066
CD8EM_CD44_IL246,0.0928080082002197
CD8EM_CD44_IL18,0.356880976397518
CD8EM_pNFkB_Unstim,0.375967361943535
CD8EM_pNFkB_IL246,0.558164016835014
CD8EM_pNFkB_IL18,0.478026717100792
CD8EM_pERK1-2_Unstim,0.968115365835305
CD8EM_pERK1-2_IL246,0.635747529884173
CD8EM_pERK1-2_IL18,0.960151575468431
CD8EM_pSTAT6_Unstim,0.310449032807584
CD8EM_pSTAT6_IL246,0.400131393693264
CD8EM_pPLCg1_Unstim,0.0421020485417936
CD8EM_pPLCg1_IL246,0.815118054294526
CD8EM_pPLCg1_IL18,0.346546040659773
CD8EM_CXCR4_Unstim,0.155328869339081
CD8EM_CXCR4_IL246,0.830669304871287
CD8EM_CXCR4_IL18,0.193242624552938
CD8EM_CD62L_Unstim,0.676103468892576
CD8EM_CD62L_IL246,0.963337107236902
CD8EM_CD62L_IL18,0.787312416725095
CD8EM_HK2_Unstim,0.320577483438795
CD8EM_HK2_IL246,0.972897011293104
CD8EM_HK2_IL18,0.778101911119967
CD8EM_CD63_Unstim,0.655833259247299
CD8EM_CD63_IL246,0.415986625782511
CD8EM_CD63_IL18,0.382467011130968
CD8Naive_VDAC1_Unstim,0.334398388219887
CD8Naive_VDAC1_IL246,0.0769433802475169
CD8Naive_VDAC1_IL18,0.14513515873847
CD8Naive_GLUT1_Unstim,0.86825264596516
CD8Naive_GLUT1_IL246,0.596381138792308
CD8Naive_GLUT1_IL18,0.884005817422193
CD8Naive_CPT1a_Unstim,0.113003098172077
CD8Naive_CPT1a_IL246,0.292236547075381
CD8Naive_CPT1a_IL18,0.976084579464047
CD8Naive_pCREB_Unstim,0.0912650433302816
CD8Naive_pCREB_IL246,0.91247327938168
CD8Naive_pCREB_IL18,0.590849156037018
CD8Naive_pSTAT5_Unstim,0.941053518054758
CD8Naive_pSTAT5_IL246,0.8494181952811
CD8Naive_pP38_Unstim,0.281039194733592
CD8Naive_pSTAT1_Unstim,1
CD8Naive_pSTAT1_IL246,0.312832870227432
CD8Naive_pSTAT3_Unstim,0.0987385687843939
CD8Naive_pSTAT3_IL246,0.729533200807795
CD8Naive_prpS6_Unstim,0.950598999767901
CD8Naive_prpS6_IL246,0.0905013310760667
CD8Naive_prpS6_IL18,0.365287235282633
CD8Naive_PD-L1_Unstim,0.0920339281496106
CD8Naive_PD-L1_IL246,0.906136147501942
CD8Naive_PD-L1_IL18,0.190520669931249
CD8Naive_CD44_Unstim,0.382467011130968
CD8Naive_CD44_IL246,0.106784119421085
CD8Naive_CD44_IL18,0.111197805584713
CD8Naive_pNFkB_Unstim,0.812016317013839
CD8Naive_pNFkB_IL246,0.4322048771206
CD8Naive_pNFkB_IL18,0.490512098007404
CD8Naive_pERK1-2_Unstim,0.56218741732523
CD8Naive_pERK1-2_IL246,0.45358566016082
CD8Naive_pERK1-2_IL18,0.921989297483472
CD8Naive_pSTAT6_Unstim,0.310449032807584
CD8Naive_pSTAT6_IL246,0.604723040503763
CD8Naive_pPLCg1_Unstim,0.0824353931148941
CD8Naive_pPLCg1_IL246,0.918815982187917
CD8Naive_pPLCg1_IL18,0.356880976397518
CD8Naive_CXCR4_Unstim,0.122378313094323
CD8Naive_CXCR4_IL246,0.281386309063109
CD8Naive_CXCR4_IL18,0.808917526857611
CD8Naive_CD62L_Unstim,0.480509810037815
CD8Naive_CD62L_IL246,0.99840540088491
CD8Naive_CD62L_IL18,0.136511456059253
CD8Naive_HK2_Unstim,0.222046323155876
CD8Naive_HK2_IL246,0.382467011130968
CD8Naive_HK2_IL18,0.386838138651972
CD8Naive_CD63_Unstim,0.990296288245048
CD8Naive_CD63_IL246,0.735271558462451
CD8Naive_CD63_IL18,0.406311802592583
CD8Trm_VDAC1_Unstim,0.270812774448875
CD8Trm_VDAC1_IL246,0.10591827016464
CD8Trm_VDAC1_IL18,0.150733160220719
CD8Trm_GLUT1_Unstim,0.33841674418806
CD8Trm_GLUT1_IL246,0.534241511746364
CD8Trm_GLUT1_IL18,0.992027131803755
CD8Trm_CPT1a_Unstim,0.135461898101841
CD8Trm_CPT1a_IL246,0.0319986090882411
CD8Trm_CPT1a_IL18,0.679096219595826
CD8Trm_pCREB_Unstim,0.154170089310102
CD8Trm_pCREB_IL246,0.0889893335382866
CD8Trm_pCREB_IL18,0.8494181952811
CD8Trm_pSTAT5_Unstim,0.988838162851015
CD8Trm_pSTAT5_IL246,0.918815982187917
CD8Trm_pP38_Unstim,0.984268314153986
CD8Trm_pP38_IL18,0.75947096294446
CD8Trm_pSTAT1_Unstim,1
CD8Trm_pSTAT3_Unstim,0.339699114686868
CD8Trm_pSTAT3_IL246,0.928228766530073
CD8Trm_prpS6_Unstim,0.661618883749257
CD8Trm_prpS6_IL246,0.242346044876876
CD8Trm_prpS6_IL18,0.344502151013611
CD8Trm_PD-L1_Unstim,0.0789668741940265
CD8Trm_PD-L1_IL246,0.778101911119967
CD8Trm_PD-L1_IL18,0.250491003577278
CD8Trm_CD44_Unstim,0.470619706176199
CD8Trm_CD44_IL246,0.676171003421774
CD8Trm_CD44_IL18,0.161222148353689
CD8Trm_pNFkB_Unstim,0.61874118801312
CD8Trm_pNFkB_IL246,0.956966679808893
CD8Trm_pNFkB_IL18,0.402375552868681
CD8Trm_pERK1-2_Unstim,0.474013058086006
CD8Trm_pERK1-2_IL246,0.297765703860033
CD8Trm_pERK1-2_IL18,0.684961136242108
CD8Trm_pSTAT6_Unstim,0.310449032807584
CD8Trm_pSTAT6_IL246,0.369526730779354
CD8Trm_pPLCg1_Unstim,0.0425079210482387
CD8Trm_pPLCg1_IL246,0.91247327938168
CD8Trm_pPLCg1_IL18,0.344502151013611
CD8Trm_CXCR4_Unstim,0.160030179667463
CD8Trm_CXCR4_IL246,0.796552768560577
CD8Trm_CXCR4_IL18,0.365287235282633
CD8Trm_CD62L_Unstim,0.554127082258586
CD8Trm_CD62L_IL246,0.661618883749257
CD8Trm_CD62L_IL18,0.762820710810605
CD8Trm_HK2_Unstim,0.258825180177933
CD8Trm_HK2_IL246,0.493030046480314
CD8Trm_HK2_IL18,0.992027131803755
CD8Trm_CD63_Unstim,0.846287157324155
CD8Trm_CD63_IL246,0.352723921339142
CD8Trm_CD63_IL18,0.248846908359742
Ki67CD8Tcell_VDAC1_Unstim,0.510847902965791
Ki67CD8Tcell_VDAC1_IL246,0.0723859727514718
Ki67CD8Tcell_VDAC1_IL18,0.270812774448875
Ki67CD8Tcell_GLUT1_Unstim,0.909303992067766
Ki67CD8Tcell_GLUT1_IL246,0.995216228130815
Ki67CD8Tcell_GLUT1_IL18,0.846287157324155
Ki67CD8Tcell_CPT1a_Unstim,0.406882625717066
Ki67CD8Tcell_CPT1a_IL246,0.0860264107170679
Ki67CD8Tcell_CPT1a_IL18,0.276065017838657
Ki67CD8Tcell_pCREB_Unstim,0.523777951406092
Ki67CD8Tcell_pCREB_IL246,0.0124134698585331
Ki67CD8Tcell_pCREB_IL18,0.14513515873847
Ki67CD8Tcell_pSTAT5_Unstim,0.846287157324155
Ki67CD8Tcell_pSTAT5_IL246,0.735549778988347
Ki67CD8Tcell_pP38_Unstim,0.531855261880559
Ki67CD8Tcell_pP38_IL18,0.130599222435277
Ki67CD8Tcell_pSTAT1_Unstim,1
Ki67CD8Tcell_pSTAT1_IL246,0.55809106815912
Ki67CD8Tcell_pSTAT3_Unstim,0.507681624656732
Ki67CD8Tcell_pSTAT3_IL246,0.833787572855871
Ki67CD8Tcell_prpS6_Unstim,0.714565143878602
Ki67CD8Tcell_prpS6_IL246,0.130307360295309
Ki67CD8Tcell_prpS6_IL18,0.544809569063388
Ki67CD8Tcell_PD-L1_Unstim,0.332400792506407
Ki67CD8Tcell_PD-L1_IL246,0.83378773741967
Ki67CD8Tcell_PD-L1_IL18,0.796552768560577
Ki67CD8Tcell_CD44_Unstim,0.508282055529881
Ki67CD8Tcell_CD44_IL246,0.113003098172077
Ki67CD8Tcell_CD44_IL18,0.149600590275726
Ki67CD8Tcell_pNFkB_Unstim,0.684961136242108
Ki67CD8Tcell_pNFkB_IL246,0.676171003421774
Ki67CD8Tcell_pNFkB_IL18,0.478026717100792
Ki67CD8Tcell_pERK1-2_Unstim,0.369478628244717
Ki67CD8Tcell_pERK1-2_IL246,0.299624190045149
Ki67CD8Tcell_pERK1-2_IL18,0.367407965568813
Ki67CD8Tcell_pSTAT6_Unstim,0.310449032807584
Ki67CD8Tcell_pSTAT6_IL246,0.389035085656987
Ki67CD8Tcell_pPLCg1_Unstim,0.59915594767634
Ki67CD8Tcell_pPLCg1_IL246,0.815118054294526
Ki67CD8Tcell_pPLCg1_IL18,0.787312416725095
Ki67CD8Tcell_CXCR4_Unstim,0.43926615230454
Ki67CD8Tcell_CXCR4_IL246,0.240739663143208
Ki67CD8Tcell_CXCR4_IL18,0.0126964152459474
Ki67CD8Tcell_CD62L_Unstim,0.112097585680407
Ki67CD8Tcell_CD62L_IL246,0.119504031635318
Ki67CD8Tcell_CD62L_IL18,0.759775319870077
Ki67CD8Tcell_HK2_Unstim,0.283175440208903
Ki67CD8Tcell_HK2_IL246,0.711584447962303
Ki67CD8Tcell_HK2_IL18,0.523777951406092
Ki67CD8Tcell_CD63_Unstim,0.737035105396285
Ki67CD8Tcell_CD63_IL246,0.334396445635179
Ki67CD8Tcell_CD63_IL18,0.59915594767634
MAIT_VDAC1_Unstim,0.46327649845657
MAIT_VDAC1_IL246,0.30524598362353
MAIT_VDAC1_IL18,0.0633625366052494
MAIT_GLUT1_Unstim,0.83378773741967
MAIT_GLUT1_IL246,0.404625335907564
MAIT_GLUT1_IL18,0.884005817422193
MAIT_CPT1a_Unstim,0.163626184511575
MAIT_CPT1a_IL246,0.0450132578073701
MAIT_CPT1a_IL18,0.558164016835014
MAIT_pCREB_Unstim,0.163626184511575
MAIT_pCREB_IL246,0.513420502681914
MAIT_pCREB_IL18,0.326454358333454
MAIT_pSTAT5_Unstim,0.93787350347989
MAIT_pSTAT5_IL246,0.830669304871287
MAIT_pP38_Unstim,0.337708248249822
MAIT_pP38_IL18,0.64432369974822
MAIT_pSTAT1_Unstim,1
MAIT_pSTAT3_Unstim,0.894835194579894
MAIT_pSTAT3_IL246,0.384648777588793
MAIT_prpS6_Unstim,0.805821730486154
MAIT_prpS6_IL246,0.332400792506407
MAIT_prpS6_IL18,0.627219600381938
MAIT_PD-L1_Unstim,0.0568315919681906
MAIT_PD-L1_IL246,0.613116879933122
MAIT_PD-L1_IL18,0.995216228130815
MAIT_CD44_Unstim,0.427534109678624
MAIT_CD44_IL246,0.290408919248113
MAIT_CD44_IL18,0.277831102677552
MAIT_pNFkB_Unstim,0.621561766095664
MAIT_pNFkB_IL246,0.790389278545982
MAIT_pNFkB_IL18,0.604723040503763
MAIT_pERK1-2_Unstim,0.394543955713109
MAIT_pERK1-2_IL246,0.690845105016855
MAIT_pERK1-2_IL18,0.624387914964712
MAIT_pSTAT6_Unstim,0.310449032807584
MAIT_pSTAT6_IL246,0.54746771517458
MAIT_pPLCg1_Unstim,0.0310509463637734
MAIT_pPLCg1_IL246,0.963337107236902
MAIT_pPLCg1_IL18,0.340437499568846
MAIT_CXCR4_Unstim,0.542157849073222
MAIT_CXCR4_IL246,0.744605039689974
MAIT_CXCR4_IL18,0.226619189035341
MAIT_CD62L_Unstim,0.27342858653435
MAIT_CD62L_IL246,0.904552686414508
MAIT_CD62L_IL18,0.309027615951265
MAIT_HK2_Unstim,0.0458755667118001
MAIT_HK2_IL246,0.976084579464047
MAIT_HK2_IL18,0.425209793360395
MAIT_CD63_Unstim,0.682025974824952
MAIT_CD63_IL246,0.252142667916998
MAIT_CD63_IL18,0.226619189035341
NKTlike_VDAC1_Unstim,0.61874118801312
NKTlike_VDAC1_LPS,0.336403706216749
NKTlike_VDAC1_IL246,0.125306335721671
NKTlike_VDAC1_IL18,0.30524598362353
NKTlike_GLUT1_Unstim,0.503170709872556
NKTlike_GLUT1_LPS,0.140772539939424
NKTlike_GLUT1_IL246,0.644324032437052
NKTlike_GLUT1_IL18,0.87769868410232
NKTlike_CPT1a_Unstim,0.114831408144153
NKTlike_CPT1a_LPS,0.604723040503763
NKTlike_CPT1a_IL246,0.0639337035591907
NKTlike_CPT1a_IL18,0.340437499568846
NKTlike_pCREB_Unstim,0.211634227547474
NKTlike_pCREB_LPS,0.134418584459558
NKTlike_pCREB_IL246,0.59915594767634
NKTlike_pCREB_IL18,0.0831437057958853
NKTlike_pSTAT5_Unstim,0.563549617781498
NKTlike_pSTAT5_IL246,0.925163855138325
NKTlike_pP38_Unstim,0.377136028987083
NKTlike_pP38_LPS,0.712586792207429
NKTlike_pP38_IL18,0.138093586797232
NKTlike_pSTAT1_Unstim,1
NKTlike_pSTAT3_Unstim,0.572682806304092
NKTlike_pSTAT3_IL246,0.877691856325336
NKTlike_prpS6_Unstim,0.871399304978956
NKTlike_prpS6_LPS,0.100839521863516
NKTlike_prpS6_IL246,0.0943718445917055
NKTlike_prpS6_IL18,0.274306605129595
NKTlike_PD-L1_Unstim,0.588092045381718
NKTlike_PD-L1_LPS,0.550132260409152
NKTlike_PD-L1_IL246,0.93787350347989
NKTlike_PD-L1_IL18,0.32252871119086
NKTlike_CD44_Unstim,0.787312416725095
NKTlike_CD44_LPS,0.384648777588793
NKTlike_CD44_IL246,0.130307360295309
NKTlike_CD44_IL18,0.465717113964911
NKTlike_pNFkB_Unstim,0.624387914964712
NKTlike_pNFkB_LPS,0.174779549542145
NKTlike_pNFkB_IL246,0.346546040659773
NKTlike_pNFkB_IL18,0.436905063439822
NKTlike_pERK1-2_Unstim,0.490503381665769
NKTlike_pERK1-2_LPS,0.284972262680389
NKTlike_pERK1-2_IL246,0.985649372213776
NKTlike_pERK1-2_IL18,0.0584094078896235
NKTlike_pSTAT6_Unstim,0.310449032807584
NKTlike_pSTAT6_IL246,0.0298247764584271
NKTlike_pPLCg1_Unstim,0.229704849185938
NKTlike_pPLCg1_LPS,0.37167238211507603
NKTlike_pPLCg1_IL246,0.542157849073222
NKTlike_pPLCg1_IL18,0.536873794094181
NKTlike_CXCR4_Unstim,0.07431133705609
NKTlike_CXCR4_LPS,0.510847902965791
NKTlike_CXCR4_IL246,0.585340896924458
NKTlike_CXCR4_IL18,0.194614266040038
NKTlike_CD62L_Unstim,0.10251042544703
NKTlike_CD62L_LPS,0.0485463993450655
NKTlike_CD62L_IL246,0.784238871255419
NKTlike_CD62L_IL18,0.386838138651972
NKTlike_HK2_Unstim,0.963337107236902
NKTlike_HK2_LPS,0.824440480214067
NKTlike_HK2_IL246,0.775038586934566
NKTlike_HK2_IL18,0.843158544551401
NKTlike_CD63_Unstim,0.9029697956152
NKTlike_CD63_LPS,0.884005817422193
NKTlike_CD63_IL246,0.384648777588793
NKTlike_CD63_IL18,0.702668934191952
Basophil_frequency_Unstim,0.0182616497511944
Bcells_frequency_Unstim,0.0450132578073701
CD16-_frequency_Unstim,0.297765703860033
CD16+_frequency_Unstim,0.136511456059253
CD4CM_frequency_Unstim,0.729533200807795
CD4EM_frequency_Unstim,0.147354943934225
CD4Naive_frequency_Unstim,0.673250666965161
CD4pCD8pTcell_frequency_Unstim,0.744605039689974
CD4Tcell_frequency_Unstim,0.979272529605356
CD4Trm_frequency_Unstim,0.890320310937095
CD8CM_frequency_Unstim,0.400133287460087
CD8EM_frequency_Unstim,0.411419680826386
CD8Naive_frequency_Unstim,0.14513515873847
CD8Tcell_frequency_Unstim,0.0389716033134264
CD8Trm_frequency_Unstim,0.0680519899305984
cMCs_frequency_Unstim,0.365287235282633
DC_frequency_Unstim,0.568960928235011
FceRIanegDC_frequency_Unstim,0.348597634878121
FceRIaposDC_frequency_Unstim,0.588092045381718
gdTcell_frequency_Unstim,0.518585864918995
intMCs_frequency_Unstim,0.0616742848522422
Ki67CD4Tcell_frequency_Unstim,0.696747810580789
Ki67CD8Tcell_frequency_Unstim,0.446393220396589
MAIT_frequency_Unstim,0.641459860324881
ncMCs_frequency_Unstim,0.460843027613501
NK_frequency_Unstim,0.182524319068546
NKTlike_frequency_Unstim,0.0450132578073701
Tcells_frequency_Unstim,0.166057140681837
Th1_frequency_Unstim,0.314770189218352
Th17_frequency_Unstim,0.030740458642302
Th2_frequency_Unstim,0.655833259247299
Treg_frequency_Unstim,0.947416316777446
Granulocytes_frequency_Unstim,0.805821730486154
Eosinophil_frequency_Unstim,0.582595741630551
Neutrophil_frequency_Unstim,0.858825377880147
Granulocytes_H3K27me3_Unstim,0.0762783488887848
Eosinophil_H3K27me3_Unstim,0.257761748203407
Neutrophil_H3K27me3_Unstim,0.135461898101841
Bcells_H3K27me3_Unstim,0.354798605082412
Basophil_H3K27me3_Unstim,0.0523095537548248
DC_H3K27me3_Unstim,0.808917526857611
FceRIanegDC_H3K27me3_Unstim,0.552803177499746
FceRIaposDC_H3K27me3_Unstim,0.650068210836015
cMCs_H3K27me3_Unstim,0.0589433654963126
intMCs_H3K27me3_Unstim,0.0228261879795416
ncMCs_H3K27me3_Unstim,0.202994353058041
NK_H3K27me3_Unstim,0.542157849073222
CD16-_H3K27me3_Unstim,0.0228261879795416
CD16+_H3K27me3_Unstim,0.510847902965791
Tcells_H3K27me3_Unstim,0.354798605082412
gdTcell_H3K27me3_Unstim,0.687900758741793
CD4pCD8pTcell_H3K27me3_Unstim,0.979272529605356
CD4Tcell_H3K27me3_Unstim,0.510847902965791
CD4CM_H3K27me3_Unstim,0.518585864918995
CD4EM_H3K27me3_Unstim,0.521178579730983
CD4Naive_H3K27me3_Unstim,0.149600590275726
CD4Trm_H3K27me3_Unstim,0.852551610240599
Ki67CD4Tcell_H3K27me3_Unstim,0.615926214710089
Th1_H3K27me3_Unstim,0.348597634878121
Th2_H3K27me3_Unstim,0.367407965568813
Th17_H3K27me3_Unstim,0.729533200807795
Treg_H3K27me3_Unstim,0.356880976397518
CD8Tcell_H3K27me3_Unstim,0.434551300125285
CD8CM_H3K27me3_Unstim,0.420583363729758
CD8EM_H3K27me3_Unstim,0.47308164577615
CD8Naive_H3K27me3_Unstim,0.14513515873847
CD8Trm_H3K27me3_Unstim,0.670335248664544
Ki67CD8Tcell_H3K27me3_Unstim,0.679096219595826
MAIT_H3K27me3_Unstim,0.896641769244521
NKTlike_H3K27me3_Unstim,0.8494181952811
Granulocytes_H3K27me3_LPS,0.100839521863516
Eosinophil_H3K27me3_LPS,0.0547831541971709
Neutrophil_H3K27me3_LPS,0.0889893335382866
Bcells_H3K27me3_LPS,1
Basophil_H3K27me3_LPS,1
DC_H3K27me3_LPS,1
FceRIanegDC_H3K27me3_LPS,1
FceRIaposDC_H3K27me3_LPS,1
cMCs_H3K27me3_LPS,0.858825377880147
intMCs_H3K27me3_LPS,0.735549778988347
ncMCs_H3K27me3_LPS,0.750661641766968
NK_H3K27me3_LPS,1
CD16-_H3K27me3_LPS,1
CD16+_H3K27me3_LPS,1
Tcells_H3K27me3_LPS,0.799639305033235
gdTcell_H3K27me3_LPS,0.726531118030919
CD4pCD8pTcell_H3K27me3_LPS,0.790389278545982
CD4Tcell_H3K27me3_LPS,0.83378773741967
CD4CM_H3K27me3_LPS,0.741582624034379
CD4EM_H3K27me3_LPS,0.982460810824673
CD4Naive_H3K27me3_LPS,0.793469411086145
CD4Trm_H3K27me3_LPS,1
Ki67CD4Tcell_H3K27me3_LPS,0.356880976397518
Th1_H3K27me3_LPS,0.808917526857611
Th2_H3K27me3_LPS,0.9665232243378
Th17_H3K27me3_LPS,0.702668934191952
Treg_H3K27me3_LPS,0.91564395944384
CD8Tcell_H3K27me3_LPS,0.56625236764081
CD8CM_H3K27me3_LPS,0.988838162851015
CD8EM_H3K27me3_LPS,0.493030046480314
CD8Naive_H3K27me3_LPS,0.526383955400716
CD8Trm_H3K27me3_LPS,0.702668934191952
Ki67CD8Tcell_H3K27me3_LPS,0.735549778988347
MAIT_H3K27me3_LPS,0.585340896924458
NKTlike_H3K27me3_LPS,0.99840540088491
Granulocytes_H3K27me3_IL246,0.928339604900944
Eosinophil_H3K27me3_IL246,0.66660513898499
Neutrophil_H3K27me3_IL246,0.818222691900771
Bcells_H3K27me3_IL246,0.921989297483472
Basophil_H3K27me3_IL246,0.105057998428487
DC_H3K27me3_IL246,0.661618883749257
FceRIanegDC_H3K27me3_IL246,0.632899442688019
FceRIaposDC_H3K27me3_IL246,0.560853883202473
cMCs_H3K27me3_IL246,0.793469411086145
intMCs_H3K27me3_IL246,0.574396540495506
ncMCs_H3K27me3_IL246,0.0662610470779405
NK_H3K27me3_IL246,0.969709875966582
CD16-_H3K27me3_IL246,0.00336948620483628
CD16+_H3K27me3_IL246,0.884005817422193
Tcells_H3K27me3_IL246,0.899804986267321
gdTcell_H3K27me3_IL246,0.265629428298533
CD4pCD8pTcell_H3K27me3_IL246,0.228158303266553
CD4Tcell_H3K27me3_IL246,0.744605039689974
CD4CM_H3K27me3_IL246,0.627219600381938
CD4EM_H3K27me3_IL246,0.635747529884173
CD4Naive_H3K27me3_IL246,0.893480194257099
CD4Trm_H3K27me3_IL246,0.380292847669709
Ki67CD4Tcell_H3K27me3_IL246,0.582595741630551
Th1_H3K27me3_IL246,0.723533229077038
Th2_H3K27me3_IL246,0.647193494659962
Th17_H3K27me3_IL246,0.679096219595826
Treg_H3K27me3_IL246,0.647193494659962
CD8Tcell_H3K27me3_IL246,0.953782471004331
CD8CM_H3K27me3_IL246,0.821330182897195
CD8EM_H3K27me3_IL246,0.277831102677552
CD8Naive_H3K27me3_IL246,0.68202627682848
CD8Trm_H3K27me3_IL246,0.76892247532419
Ki67CD8Tcell_H3K27me3_IL246,0.193242624552938
MAIT_H3K27me3_IL246,0.478026717100792
NKTlike_H3K27me3_IL246,0.54746771517458
Granulocytes_H3K27me3_IL18,0.593612197667221
Eosinophil_H3K27me3_IL18,0.0518252693277899
Neutrophil_H3K27me3_IL18,0.664519319175315
Bcells_H3K27me3_IL18,0.409147411161023
Basophil_H3K27me3_IL18,0.167282758956286
DC_H3K27me3_IL18,0.422892873590559
FceRIanegDC_H3K27me3_IL18,0.590849156037018
FceRIaposDC_H3K27me3_IL18,0.303364327907757
cMCs_H3K27me3_IL18,0.151872253875459
intMCs_H3K27me3_IL18,0.204416209549561
ncMCs_H3K27me3_IL18,0.830669304871287
NK_H3K27me3_IL18,0.328428775890391
CD16-_H3K27me3_IL18,0.0433295990642377
CD16+_H3K27me3_IL18,0.336403706216749
Tcells_H3K27me3_IL18,0.579856610206567
gdTcell_H3K27me3_IL18,0.644324032437052
CD4pCD8pTcell_H3K27me3_IL18,0.422892873590559
CD4Tcell_H3K27me3_IL18,0.571675662319792
CD4CM_H3K27me3_IL18,0.687900758741793
CD4EM_H3K27me3_IL18,0.708608153756181
CD4Naive_H3K27me3_IL18,0.415986625782511
CD4Trm_H3K27me3_IL18,0.871399304978956
Ki67CD4Tcell_H3K27me3_IL18,0.523777951406092
Th1_H3K27me3_IL18,0.571675662319792
Th2_H3K27me3_IL18,0.37167238211507603
Th17_H3K27me3_IL18,0.627219600381938
Treg_H3K27me3_IL18,0.641459860324881
CD8Tcell_H3K27me3_IL18,0.395671351592373
CD8CM_H3K27me3_IL18,0.91564395944384
CD8EM_H3K27me3_IL18,0.896641769244521
CD8Naive_H3K27me3_IL18,0.309032476924964
CD8Trm_H3K27me3_IL18,0.458416719284724
Ki67CD8Tcell_H3K27me3_IL18,0.632899442688019
MAIT_H3K27me3_IL18,0.558164016835014
NKTlike_H3K27me3_IL18,0.358971030378022
