Name,Location,HBCU,HSI,Admission_Rate,SAT,Undergraduates,Average_Total_Cost,Instructional_Expenditure,Faculty_Salary,Full_Time_Faculty,Pell_Grant,Retention_Rate,Federal_Loan,Default_Rate,Proportion_Men,Endowment
University of Alabama at Birmingham,Urban,0,0,0.806,1245,14969,25542,14691,11380,0.7619,0.3563,0.864,0.5026,0.048,0.3816,537.35
University of Alabama in Huntsville,Urban,0,0,0.7711,1300,8898,24861,8320,9697,0.6702,0.2304,0.818,0.4083,0.047,0.5891,77.25
Alabama State University,Urban,1,0,0.9888,938,4127,21892,9579,7194,0.6797,0.759,0.6202,0.684,0.128,0.3605,94.54
The University of Alabama,Urban,0,0,0.8039,1262,35872,30016,9650,10349,0.7707,0.172,0.8723,0.3898,0.04,0.4417,946.69
Auburn University at Montgomery,Urban,0,0,0.9555,1061,5274,20225,6289,7729,0.7087,0.5581,0.6972,0.5781,0.082,0.3367,51.12
Auburn University,Urban,0,0,0.8507,1302,26235,32196,8361,10722,0.8654,0.0996,0.9197,0.2823,0.026,0.5135,774.53
Jacksonville State University,Suburban,0,0,0.6369,1084,8916,21560,7183,7326,0.7803,0.5412,0.7338,0.6201,0.063,0.3995,13.65
University of Montevallo,Suburban,0,0,0.6052,1131,2419,26018,13809,7623,0.6471,0.3838,0.7842,0.5788,0.054,0.3573,22.46
University of South Alabama,Urban,0,0,0.7303,1162,10544,21694,9509,7507,0.628,0.3775,0.7644,0.5294,0.063,0.393,433.05
Troy University,Small Town,0,0,0.9243,1094,15838,21251,6886,6785,0.5375,0.4695,0.7707,0.8437,0.073,0.3677,129.19
University of Alaska Fairbanks,Suburban,0,0,0.6701,1138,10220,19135,18087,9658,0.6131,0.3302,0.7816,0.2783,0.085,0.4172,114.58
Arizona State University Campus Immersion,Urban,0,0,0.8837,1207,69024,27056,12931,11250,0.7426,0.3408,0.862,0.3378,0.045,0.5028,808.5
University of Arizona,Urban,0,1,0.8513,1220,38556,27461,13699,10305,0.7784,0.2379,0.8547,0.2858,0.054,0.4497,1030.45
University of Arkansas at Little Rock,Urban,0,0,0.5604,1098,8803,20416,8062,9822,1,0.5826,0.7309,0.5062,0.062,0.3555,111.15
University of Arkansas,Urban,0,0,0.7767,1236,24838,23997,11441,9951,0.8825,0.1819,0.8471,0.4078,0.041,0.4496,1221.94
University of Arkansas at Pine Bluff,Urban,1,0,0.5966,900,2561,19541,8129,5885,0.8062,0.7609,0.7417,0.736,0.136,0.409,3.81
Arkansas State University,Urban,0,0,0.6719,1149,10627,23009,5604,7240,1,0.4327,0.7905,0.5673,0.033,0.3839,80.69
University of Central Arkansas,Urban,0,0,0.9378,1166,10179,23185,7957,7166,0.7822,0.4184,0.7884,0.5316,0.048,0.3881,37.48
Henderson State University,Small Town,0,0,0.749,1098,3809,23005,5843,6704,0.9952,0.5223,0.6089,0.535,0.048,0.4395,21.02
California Polytechnic State University-San Luis Obispo,Suburban,0,0,0.3843,1325,21736,28927,10510,10647,0.697,0.1452,0.9424,0.2681,0.007,0.5094,227.68
California State University-San Bernardino,Urban,0,1,0.7812,988,19454,19114,7112,9943,0.5066,0.6613,0.8475,0.2048,0.04,0.3778,41.65
California State Polytechnic University-Pomona,Suburban,0,1,0.6481,1134,27785,22365,7494,10677,0.4731,0.4686,0.8704,0.3107,0.026,0.5324,101.6
California State University-Chico,Urban,0,1,0.9017,1073,17604,25073,7217,9682,0.555,0.4163,0.835,0.4238,0.04,0.4593,65.29
California State University-Fresno,Urban,0,1,0.9011,996,23528,17683,7490,9545,0.5606,0.6194,0.8679,0.1857,0.032,0.4052,159.95
California State University-Fullerton,Suburban,0,1,0.6762,1085,40436,17791,7468,10331,0.5047,0.5038,0.8894,0.2553,0.025,0.4184,70.44
California State University-Long Beach,Urban,0,1,0.4212,1133,35933,19846,7961,10271,0.4708,0.5002,0.8889,0.2748,0.024,0.43,79.35
California State University-Los Angeles,Urban,0,1,0.7648,964,24240,15307,7158,10198,0.4487,0.7786,0.8253,0.136,0.036,0.4106,45.49
California State University-Northridge,Urban,0,1,0.6581,1006,36736,19794,6819,10318,0.4663,0.6494,0.8348,0.2617,0.037,0.4473,136.54
California State University-Sacramento,Urban,0,1,0.8309,1033,32212,21576,7837,9824,0.4812,0.5761,0.8412,0.2993,0.039,0.4326,51.22
University of California-Berkeley,Urban,0,0,0.1748,1437,33208,39016,21700,18027,0.6981,0.2077,0.9614,0.2026,0.018,0.4604,2143.76
University of California-Davis,Suburban,0,0,0.4635,1299,33181,35532,24939,15450,0.845,0.3255,0.9301,0.3199,0.015,0.3907,477.81
University of California-Irvine,Urban,0,1,0.2992,1339,32111,34355,21724,16461,0.8278,0.3811,0.944,0.2592,0.014,0.473,483.22
University of California-Riverside,Urban,0,1,0.6578,1200,23848,30561,15212,14331,0.8708,0.4702,0.9096,0.4162,0.023,0.4628,176.55
University of California-San Diego,Urban,0,0,0.3661,1387,32252,33240,22312,16513,0.8578,0.3158,0.9416,0.3186,0.01,0.498,799.39
University of California-Santa Barbara,Suburban,0,1,0.367,1369,25004,36492,14927,16895,0.8804,0.2886,0.9083,0.2855,0.018,0.4488,251.55
University of California-Santa Cruz,Urban,0,1,0.6473,1284,18761,35925,11173,15214,0.7508,0.2692,0.8492,0.3408,0.029,0.5283,110.41
California State Polytechnic University-Humboldt,Small Town,0,1,0.8514,1081,7141,24991,9895,9822,0.5782,0.4945,0.7313,0.5141,0.059,0.4163,31.29
San Diego State University,Urban,0,1,0.367,1207,33077,23367,7661,11169,0.5179,0.2569,0.8888,0.2744,0.022,0.4386,314.4
San Francisco State University,Urban,0,1,0.8409,1030,28789,24513,8297,11037,0.5045,0.4873,0.8229,0.3403,0.043,0.4477,136.48
San Jose State University,Urban,0,1,0.6737,1127,29870,25747,8057,10645,0.448,0.3876,0.8619,0.3209,0.029,0.5026,153.21
Sonoma State University,Suburban,0,1,0.8912,1050,9012,26537,8181,10468,0.5138,0.371,0.7949,0.3651,0.029,0.3735,40.07
Adams State University,Small Town,0,1,0.9988,1004,2374,22317,8574,6348,0.4344,0.5838,0.5929,0.7459,0.056,0.5509,0.06
Colorado School of Mines,Suburban,0,0,0.5497,1372,5411,36107,16922,12364,0.7164,0.1282,0.9187,0.4105,0.007,0.6884,258.78
Colorado State University-Fort Collins,Urban,0,0,0.8352,1199,28641,27513,13703,10425,0.7243,0.2075,0.8499,0.3884,0.026,0.4674,391.86
Fort Lewis College,Small Town,0,0,0.9151,1037,3630,23881,8848,7287,0.9844,0.4048,0.681,0.4236,0.095,0.4593,10.29
Metropolitan State University of Denver,Urban,0,1,0.8333,973,23557,19975,6444,7089,1,0.4094,0.6101,0.3001,0.068,0.4486,16.89
University of Northern Colorado,Urban,0,0,0.877,1099,11014,23864,9142,7742,0.6033,0.343,0.7015,0.5297,0.044,0.327,90.32
Colorado State University Pueblo,Urban,0,1,0.9431,1022,5663,21950,4787,7155,0.5225,0.4713,0.6826,0.7816,0.083,0.4626,22.47
Western Colorado University,Small Town,0,0,0.885,1110,3905,24194,10322,6627,0.7778,0.3267,0.6726,0.5622,0.058,0.5963,18.45
Central Connecticut State University,Suburban,0,0,0.6485,1062,10321,22518,13840,9860,0.4851,0.3915,0.7823,0.5725,0.057,0.5328,77.4
University of Connecticut,Suburban,0,0,0.5609,1294,20501,33896,21257,13183,0.6866,0.2078,0.9299,0.4153,0.02,0.4843,423.48
Delaware State University,Urban,1,0,0.3934,923,4727,23888,9871,8379,0.6364,0.5474,0.7389,0.7218,0.112,0.3182,22.27
University of Delaware,Suburban,0,0,0.6599,1254,21869,28708,22057,13194,0.9798,0.1882,0.897,0.5265,0.021,0.4217,1466.07
University of Central Florida,Suburban,0,1,0.4517,1261,68814,21309,7551,10848,0.9846,0.289,0.9215,0.2342,0.037,0.4484,162.82
Florida Agricultural and Mechanical University,Urban,1,0,0.3298,1101,8702,23312,8919,8264,0.9971,0.6487,0.8544,0.6646,0.076,0.3418,87.75
Florida Atlantic University,Urban,0,1,0.7478,1147,31632,21761,8341,9971,0.722,0.3823,0.8168,0.3321,0.044,0.4151,294.97
Florida International University,Suburban,0,1,0.5788,1190,61869,19384,6435,10886,0.9764,0.4973,0.9106,0.8479,0.044,0.4378,216.38
Florida State University,Urban,0,0,0.3245,1308,36789,22278,11221,11160,0.8499,0.2504,0.945,0.2435,0.028,0.4301,704.11
University of Florida,Urban,0,0,0.3113,1390,37975,21151,16571,11900,0.8803,0.2119,0.9734,0.1346,0.017,0.4338,1818.32
University of North Florida,Urban,0,0,0.7992,1144,17574,19469,6321,8226,0.9639,0.3352,0.8378,0.3259,0.034,0.4314,116.39
University of South Florida,Urban,0,0,0.4924,1256,45587,21134,10084,10465,0.7199,0.3073,0.9181,0.2513,0.033,0.4317,513.54
The University of West Florida,Urban,0,0,0.5756,1168,11802,17716,6427,9046,1,0.3161,0.8448,0.2514,0.052,0.425,60.68
College of Coastal Georgia,Urban,0,0,0.9594,1006,4355,18200,6904,6998,0.8239,0.4833,0.6378,0.4411,0.052,0.2984,8.39
Columbus State University,Urban,0,0,0.7832,1007,7798,19807,8459,7600,0.6452,0.5219,0.753,0.5719,0.06,0.3945,73.02
Georgia Institute of Technology-Main Campus,Urban,0,0,0.2134,1465,17602,29291,12188,13626,0.903,0.1107,0.967,0.2093,0.009,0.6014,2229.71
Georgia Southwestern State University,Small Town,0,0,0.734,1040,3012,19125,7066,7002,0.7173,0.5262,0.6623,0.5759,0.047,0.3412,39.08
Georgia College & State University,Small Town,0,0,0.8594,1194,6483,28707,6816,7952,0.8315,0.1821,0.8233,0.3886,0.034,0.3536,45.53
Georgia Southern University,Small Town,0,0,0.9117,1083,26067,22608,6628,8027,0.837,0.3789,0.7897,0.5272,0.053,0.4287,76.89
Georgia State University,Urban,0,0,0.8239,1147,32742,27206,5838,9420,0.796,0.5069,0.8066,0.4591,0.059,0.4026,182
University of Georgia,Urban,0,0,0.4838,1384,32702,27329,9982,11603,0.9269,0.1697,0.9444,0.2695,0.019,0.4219,1343.99
Savannah State University,Urban,1,0,0.4614,925,3956,16819,6167,7143,0.7788,0.712,0.6927,0.8368,0.165,0.3945,9.05
Valdosta State University,Urban,0,0,0.7845,1072,9956,20998,5315,7290,0.7191,0.565,0.727,0.5763,0.074,0.3427,51.11
University of West Georgia,Small Town,0,0,0.7762,1012,12131,23684,7933,7368,0.8098,0.5104,0.7282,0.5976,0.074,0.3482,34.44
University of Hawaii at Hilo,Small Town,0,0,0.7383,1046,3265,20440,16525,10646,0.8168,0.4406,0.7123,0.3858,0.083,0.3543,0.27
University of Hawaii at Manoa,Urban,0,0,0.8369,1181,15160,23405,25120,12581,0.8019,0.2598,0.8004,0.3398,0.035,0.4204,43.51
University of Hawaii-West Oahu,Suburban,0,0,0.9523,1012,4086,19914,13343,10041,0.5333,0.4145,0.7448,0.2642,0.038,0.3372,0.22
Boise State University,Urban,0,0,0.7749,1135,26736,21621,8023,8321,0.588,0.2385,0.7782,0.4119,0.043,0.4309,118.16
University of Idaho,Small Town,0,0,0.7444,1116,10568,21525,12959,9583,0.8877,0.3482,0.7675,0.4595,0.041,0.492,291.87
Lewis-Clark State College,Urban,0,0,0.9975,998,5291,16922,7971,6523,0.9727,0.4898,0.6119,0.5328,0.092,0.3471,8.6
Chicago State University,Urban,0,0,0.4642,887,2490,21867,20865,8118,0.9952,0.7403,0.5359,0.7845,0.087,0.2781,6.07
Eastern Illinois University,Small Town,0,0,0.5554,1058,7557,24125,10306,8611,0.7681,0.5706,0.7371,0.6911,0.061,0.3859,58.27
Governors State University,Rural,0,0,0.4784,956,3899,21549,12938,7570,0.4433,0.7029,0.5801,0.6234,0.062,0.3557,2.34
University of Illinois Chicago,Urban,0,1,0.7263,1159,23451,25831,27494,12448,0.7176,0.5727,0.8227,0.2851,0.025,0.4767,367.79
University of Illinois Urbana-Champaign,Urban,0,0,0.633,1352,36277,30302,15154,12731,0.7491,0.2821,0.9385,0.3581,0.023,0.537,1772.26
Illinois State University,Suburban,0,0,0.8131,1140,19798,31124,7980,8582,0.7796,0.3317,0.8417,0.5862,0.036,0.4339,144.35
Northeastern Illinois University,Urban,0,1,0.607,915,6822,24295,16855,8512,0.5561,0.7431,0.669,0.25,0.07,0.4114,12.42
University of Illinois Springfield,Urban,0,0,0.7733,1107,3125,24309,11609,8241,0.6615,0.4905,0.7398,0.5149,0.039,0.4795,18.62
Southern Illinois University-Carbondale,Urban,0,0,0.9178,1096,9523,29023,18453,7698,0.8072,0.3268,0.806,0.5289,0.078,0.5213,153.97
Southern Illinois University-Edwardsville,Suburban,0,0,0.8505,1154,11861,24244,13961,8726,0.7235,0.3368,0.7804,0.5058,0.052,0.4396,26.56
Western Illinois University,Small Town,0,0,0.6696,1011,6853,26287,13424,9068,0.8802,0.5011,0.7699,0.6357,0.079,0.4513,60.67
Purdue University Fort Wayne,Urban,0,0,0.8278,1090,11112,19224,8685,7135,0.9564,0.42,0.6504,0.4388,0.053,0.4906,60.3
Indiana University-Purdue University-Indianapolis,Urban,0,0,0.7854,1102,24230,21127,18926,8586,0.5581,0.4167,0.7464,0.41,0.042,0.405,1195.43
University of Southern Indiana,Suburban,0,0,0.9387,1089,10319,20146,7470,7349,1,0.3685,0.7492,0.5214,0.039,0.3635,122.12
Indiana University-South Bend,Urban,0,0,0.8687,1039,5256,16667,9008,6545,0.5882,0.4818,0.6714,0.3777,0.052,0.3545,22.73
Indiana University-Bloomington,Urban,0,0,0.8038,1261,34790,25587,16549,10738,0.8739,0.1854,0.9125,0.3364,0.034,0.5019,1221.38
Indiana University-Northwest,Urban,0,1,0.8168,1005,4308,13054,9156,7171,0.4604,0.5126,0.702,0.336,0.058,0.2715,12.07
Indiana University-Southeast,Suburban,0,0,0.8541,1055,5265,17421,8478,7191,0.5226,0.4415,0.6371,0.3984,0.06,0.3829,19.02
Indiana University-East,Rural,0,0,0.6732,1043,5029,16144,6755,6863,0.4321,0.53,0.6691,0.3741,0.059,0.3467,6.51
Iowa State University,Urban,0,0,0.8842,1197,29246,21740,10386,11366,0.8498,0.198,0.8863,0.4967,0.024,0.5664,1056.85
University of Iowa,Urban,0,0,0.8428,1229,25755,24806,14478,11790,0.8638,0.1886,0.881,0.4599,0.022,0.4526,1578.93
University of Northern Iowa,Urban,0,0,0.7888,1149,9872,21047,10377,8407,0.7975,0.2292,0.8555,0.5258,0.028,0.398,128.72
University of Kansas,Urban,0,0,0.9093,1227,21552,26204,19922,10346,0.846,0.1986,0.857,0.4207,0.043,0.4735,1842.17
Wichita State University,Urban,0,0,0.7963,1167,14448,20418,8293,8153,0.9817,0.3525,0.7088,0.5107,0.056,0.4512,276.14
Eastern Kentucky University,Small Town,0,0,0.9795,1116,14316,23384,8131,7146,0.6,0.4715,0.7948,0.5781,0.075,0.4225,68.72
Kentucky State University,Small Town,1,0,0.8398,959,2848,16885,6287,6736,0.9635,0.734,0.785,0.7506,0.092,0.415,18.52
University of Kentucky,Urban,0,0,0.9636,1223,24633,30178,13044,10906,0.8756,0.2305,0.8592,0.4525,0.043,0.433,1385.51
University of Louisville,Urban,0,0,0.6512,1198,18045,28247,16532,8093,0.5355,0.3504,0.8094,0.4319,0.044,0.4612,719.82
Murray State University,Small Town,0,0,0.7703,1179,8949,21349,9010,6535,0.7873,0.3829,0.8108,0.4904,0.06,0.384,89.9
Northern Kentucky University,Suburban,0,0,0.8703,1144,13411,17869,8497,7787,0.9719,0.3531,0.7456,0.5322,0.072,0.4099,106.25
Western Kentucky University,Urban,0,0,0.9775,1130,18550,21084,9366,7804,0.7241,0.384,0.7679,0.5243,0.069,0.3967,15.59
Grambling State University,Small Town,1,0,0.9322,942,4510,24332,4387,5993,0.9847,0.8308,0.7708,0.902,0.186,0.3545,7.25
Louisiana State University-Alexandria,Rural,0,0,0.6354,1042,3915,14207,4913,6012,0.5644,0.5214,0.5993,0.4095,0.119,0.2777,19.05
Louisiana State University and Agricultural & Mechanical College,Urban,0,0,0.7338,1229,27753,32724,9626,10089,0.9048,0.2888,0.8595,0.3353,0.04,0.4655,563.83
Louisiana State University-Shreveport,Urban,0,0,0.8268,1133,3244,19065,6067,8091,0.6513,0.4804,0.6163,0.2417,0.055,0.3996,23.69
Louisiana Tech University,Small Town,0,0,0.6357,1216,11268,21927,6445,7908,0.7644,0.3004,0.8078,0.4247,0.058,0.5505,75.65
McNeese State University,Urban,0,0,0.633,1136,7356,19489,4616,6909,1,0.3677,0.7163,0.4542,0.083,0.3923,21.54
University of New Orleans,Urban,0,0,0.8291,1088,7933,20864,6284,8204,0.7051,0.5572,0.6987,0.4179,0.066,0.4911,22.31
Nicholls State University,Urban,0,0,0.9329,1104,6809,21275,5545,6437,1,0.4199,0.7549,0.4814,0.086,0.3552,8.69
University of Louisiana at Monroe,Urban,0,0,0.7798,1118,7721,20851,6831,7378,0.7061,0.4568,0.7418,0.463,0.054,0.3351,32.67
Northwestern State University of Louisiana,Small Town,0,0,0.9485,1050,11689,22940,5018,6485,0.5947,0.5806,0.7559,0.5777,0.094,0.2722,16.2
Southern University and A & M College,Urban,1,0,0.4345,975,7058,23592,5100,7042,0.9331,0.8023,0.6008,0.8751,0.136,0.331,9.58
University of Louisiana at Lafayette,Urban,0,0,0.6728,1148,15870,22948,8196,8214,0.7937,0.4007,0.7943,0.4909,0.06,0.4251,132.88
Maine Maritime Academy,Rural,0,0,0.5214,1085,1010,28208,10196,12443,0.7706,0.3321,0.7731,0.9313,0.022,0.8292,33.97
University of Southern Maine,Urban,0,0,0.8793,1062,8302,19582,8621,9290,0.3547,0.4333,0.6966,0.5874,0.042,0.3986,38.52
University of Baltimore,Urban,0,0,0.7993,1018,2493,24521,13451,11251,0.6173,0.425,0.775,0.275,0.057,0.4176,51.04
Bowie State University,Suburban,1,0,0.8121,936,5835,22891,8096,8851,0.4967,0.5768,0.7678,0.6554,0.111,0.3842,11.47
Coppin State University,Urban,1,0,0.402,902,2588,17787,11715,8241,0.5062,0.722,0.6472,0.6612,0.115,0.2226,11.93
Frostburg State University,Suburban,0,0,0.7361,1024,4912,24650,8677,7415,0.7135,0.4438,0.7442,0.5751,0.065,0.4577,28.66
University of Maryland-Baltimore County,Suburban,0,0,0.6948,1255,12359,25997,11716,10585,0.6589,0.2346,0.87,0.3174,0.031,0.5441,102.02
University of Maryland-College Park,Suburban,0,0,0.5096,1391,32954,27343,15200,13763,0.7986,0.148,0.9516,0.2533,0.018,0.5211,691.27
University of Maryland Eastern Shore,Small Town,1,0,0.6203,927,2544,24348,16128,8706,0.7196,0.5846,0.7283,0.6476,0.099,0.4483,29.74
Morgan State University,Urban,1,0,0.7359,988,6988,23254,9565,9665,0.7508,0.5582,0.7419,0.7861,0.122,0.3944,40.53
St. Mary's College of Maryland,Suburban,0,0,0.7903,1190,1587,30610,15160,7922,0.7234,0.2219,0.825,0.7531,0.018,0.4008,37.13
Towson University,Urban,0,0,0.788,1122,21684,25697,7098,7864,0.5513,0.2904,0.8458,0.5084,0.027,0.405,87.85
Bridgewater State University,Suburban,0,0,0.8231,1049,11049,23845,9164,9852,1,0.4044,0.7632,0.8724,0.056,0.4031,54.61
Framingham State University,Urban,0,0,0.7853,1044,4784,25810,7207,9408,0.6478,0.4663,0.6913,0.7578,0.038,0.4255,45.56
University of Massachusetts-Lowell,Suburban,0,0,0.752,1232,16869,29174,12485,12226,0.6398,0.3295,0.8396,0.6671,0.035,0.5916,99.88
University of Massachusetts-Amherst,Suburban,0,0,0.6532,1307,27365,31749,18111,12707,0.809,0.2118,0.8913,0.5235,0.019,0.4945,362.6
Massachusetts Maritime Academy,Suburban,0,0,0.9248,1117,1786,28602,10074,8632,0.6522,0.1832,0.871,0.9109,0.008,0.8679,26.73
Massachusetts College of Liberal Arts,Small Town,0,0,0.8768,1066,1572,24458,13238,9026,0.6547,0.5088,0.7158,0.9684,0.034,0.3745,13.54
University of Massachusetts-Dartmouth,Suburban,0,0,0.7618,1094,7452,28948,14257,10774,0.7394,0.5038,0.7103,0.7791,0.058,0.4881,58.24
Westfield State University,Suburban,0,0,0.9244,1054,5911,24844,9728,10001,0.4989,0.3349,0.7292,0.7295,0.038,0.4472,7.3
Worcester State University,Urban,0,0,0.8103,1097,6325,21870,8553,9193,0.5059,0.3599,0.7982,0.6344,0.044,0.3879,17.96
Central Michigan University,Small Town,0,0,0.6867,1113,16237,25078,9254,9955,0.7637,0.3502,0.8004,0.7673,0.048,0.3976,189.32
Eastern Michigan University,Suburban,0,0,0.7518,1098,17262,24994,7622,9791,0.9885,0.4588,0.7183,0.5789,0.071,0.3944,78.39
Ferris State University,Small Town,0,0,0.8246,1058,13351,23106,9934,9582,0.6932,0.4602,0.7887,0.6563,0.053,0.4763,88.05
Lake Superior State University,Small Town,0,0,0.695,1050,2194,23239,8855,6762,0.9515,0.4127,0.7321,0.5968,0.059,0.4609,29.04
University of Michigan-Ann Arbor,Urban,0,0,0.2611,1445,32146,30926,25086,11865,0.8292,0.1981,0.9626,0.2799,0.013,0.4959,12273.83
Michigan State University,Urban,0,0,0.7631,1216,42294,28626,17219,11714,0.8812,0.2193,0.9104,0.3916,0.026,0.4868,3455.32
Michigan Technological University,Small Town,0,0,0.7036,1269,6296,29765,11756,10694,0.9104,0.2109,0.8584,0.525,0.019,0.7144,113.64
University of Michigan-Dearborn,Urban,0,0,0.6751,1211,7803,21509,10946,10606,0.6969,0.363,0.8231,0.3425,0.037,0.5445,57.73
University of Michigan-Flint,Urban,0,0,0.7742,1086,6689,21376,10397,9389,0.5553,0.4479,0.724,0.5243,0.057,0.3608,117.26
Oakland University,Suburban,0,0,0.811,1110,18047,23778,8620,9609,0.5324,0.3327,0.786,0.4683,0.036,0.4272,106.53
Saginaw Valley State University,Suburban,0,0,0.8946,1086,8261,22353,7700,8429,0.5028,0.3848,0.7737,0.607,0.048,0.3672,87.44
Wayne State University,Urban,0,0,0.6901,1112,20110,24541,12491,11123,0.6019,0.4699,0.8166,0.4654,0.051,0.4117,404.02
Western Michigan University,Urban,0,0,0.8494,1129,18069,26567,12438,9914,0.691,0.2624,0.7846,0.5555,0.056,0.5064,407.42
University of Minnesota-Twin Cities,Urban,0,0,0.6964,1320,46135,27654,16272,12182,0.8243,0.1796,0.9332,0.3989,0.017,0.468,3714.68
University of Minnesota-Duluth,Urban,0,0,0.7855,1169,10456,25326,7827,8622,0.8569,0.2119,0.795,0.618,0.026,0.5165,189.55
University of Minnesota-Morris,Small Town,0,0,0.6465,1199,1637,24636,12215,7536,0.9109,0.3931,0.783,0.5031,0.034,0.4103,16.78
Minnesota State University Moorhead,Suburban,0,0,0.6605,1106,5765,22525,8407,9373,0.6545,0.3184,0.7047,0.6727,0.03,0.3865,29.18
Saint Cloud State University,Urban,0,0,0.7322,1087,13024,19635,9135,9961,0.6475,0.3525,0.67,0.5592,0.046,0.4881,31.31
Southwest Minnesota State University,Small Town,0,0,0.806,1048,7984,20481,6339,9563,0.5115,0.4089,0.7423,0.6426,0.059,0.3856,13.7
Winona State University,Small Town,0,0,0.7518,1118,7785,22003,8524,9392,0.6259,0.2678,0.749,0.6589,0.027,0.337,42.98
Alcorn State University,Rural,1,0,0.3772,1035,3427,24285,5581,6504,0.6855,0.9219,0.7383,0.9336,0.155,0.3399,20.19
Delta State University,Small Town,0,0,0.9961,1063,3857,20678,7885,6576,0.6518,0.4536,0.6714,0.6393,0.08,0.4144,36.81
Jackson State University,Urban,1,0,0.8998,993,5814,24570,8056,7456,0.6218,0.7675,0.737,0.7891,0.13,0.3449,46.67
University of Mississippi,Small Town,0,0,0.8802,1220,19151,25562,16492,9377,0.852,0.2215,0.8573,0.3781,0.06,0.4193,736.29
Mississippi University for Women,Small Town,0,0,0.9903,1106,3194,20684,6809,6227,0.6652,0.6471,0.7882,0.6588,0.051,0.1781,55.2
Mississippi State University,Small Town,0,0,0.8004,1244,20288,25778,7424,8893,0.8547,0.3011,0.8508,0.4563,0.064,0.5029,528.68
Missouri Southern State University,Urban,0,0,0.9833,1087,6457,15867,7199,6057,0.6633,0.5609,0.6699,0.514,0.076,0.3851,38.4
University of Missouri-Columbia,Urban,0,0,0.8178,1247,24146,26902,13410,10231,0.7308,0.2408,0.8939,0.3988,0.025,0.4644,1052.76
University of Missouri-Kansas City,Urban,0,0,0.6301,1184,12938,22897,12168,9327,0.686,0.387,0.7477,0.4194,0.037,0.4181,152.8
Missouri University of Science and Technology,Small Town,0,0,0.8146,1328,6629,23123,14754,10998,0.8513,0.2088,0.849,0.4623,0.037,0.7688,201.22
University of Missouri-St Louis,Suburban,0,0,0.5759,1188,15549,24481,9520,9179,0.5871,0.445,0.8207,0.43120000000000003,0.046,0.436,89.9
Truman State University,Small Town,0,0,0.721,1278,5210,21640,10115,7293,0.8997,0.2201,0.8834,0.3888,0.026,0.4096,50.55
Northwest Missouri State University,Small Town,0,0,0.8011,1104,6399,20235,7318,7379,0.7702,0.3683,0.757,0.6038,0.056,0.4172,37.69
Montana Technological University,Small Town,0,0,0.9727,1192,1645,21124,8939,7984,0.75,0.2491,0.8015,0.4945,0.076,0.6305,38.87
Montana State University,Small Town,0,0,0.8077,1205,16214,22073,8354,7872,0.6046,0.2011,0.7816,0.3749,0.035,0.5309,156.91
The University of Montana,Urban,0,0,0.9578,1162,9259,19958,10340,8282,0.6623,0.3252,0.7432,0.5254,0.067,0.4271,208.37
The University of Montana-Western,Small Town,0,0,0.5186,1001,1882,17790,7462,7091,0.6604,0.4163,0.7305,0.5525,0.074,0.3528,5.78
University of Nebraska at Kearney,Small Town,0,0,0.8841,1130,4811,23319,9996,7790,0.6961,0.378,0.8112,0.4609,0.031,0.3914,59.62
University of Nebraska-Lincoln,Urban,0,0,0.7774,1220,26359,24400,11055,10946,0.853,0.2407,0.8502,0.4225,0.022,0.5174,1309.49
University of Nevada-Las Vegas,Urban,0,1,0.8102,1124,28841,18756,12706,10937,0.9836,0.4414,0.798,0.2585,0.049,0.4263,292.98
University of Nevada-Reno,Urban,0,0,0.873,1154,19231,23256,12652,10303,0.9821,0.2861,0.8045,0.3503,0.043,0.4654,377.46
University of New Hampshire-Main Campus,Suburban,0,0,0.8481,1197,13027,33940,11621,11294,0.759,0.2271,0.8639,0.6579,0.017,0.4439,401.95
University of New Hampshire at Manchester,Urban,0,0,0.8528,1103,1206,25244,11155,9778,0.4,0.5238,0.791,0.4762,0.017,0.487,1.91
Rowan University,Suburban,0,0,0.7801,1150,18638,34987,12306,9054,0.523,0.3209,0.8411,0.6077,0.046,0.5297,232.09
Kean University,Suburban,0,1,0.7805,1010,14180,25863,9690,8684,0.2571,0.571,0.7409,0.5896,0.057,0.3873,27.09
New Jersey Institute of Technology,Urban,0,0,0.6603,1299,10275,31511,13922,12497,0.5718,0.3488,0.8903,0.3815,0.04,0.7614,129.46
Rutgers University-Camden,Urban,0,0,0.7628,1075,6428,29130,14476,12115,0.482,0.5335,0.8539,0.6032,0.026,0.37,46.95
Rutgers University-New Brunswick,Urban,0,0,0.6693,1301,40730,32022,16407,12327,0.6018,0.2442,0.9323,0.4418,0.026,0.499,1130.23
Rutgers University-Newark,Urban,0,1,0.7409,1088,10793,27960,15332,14184,0.6748,0.6173,0.867,0.407,0.026,0.4374,153.54
Stockton University,Suburban,0,0,0.7731,1108,10727,30721,7402,9963,0.4842,0.4163,0.8463,0.7094,0.042,0.3985,30.83
The College of New Jersey,Suburban,0,0,0.5125,1240,7596,35502,10556,10903,0.458,0.1841,0.9382,0.5169,0.013,0.428,46.21
Eastern New Mexico University-Main Campus,Small Town,0,1,0.506,1051,5453,17897,5992,7109,0.7291,0.5364,0.6109,0.3309,0.079,0.388,13.75
New Mexico Institute of Mining and Technology,Small Town,0,1,0.9658,1263,1479,22878,10615,8842,0.7753,0.316,0.808,0.548,0.06,0.7059,58.7
University of New Mexico-Main Campus,Urban,0,1,0.9634,1101,18683,19351,14196,9462,0.8999,0.3924,0.7697,0.5943,0.088,0.418,471.93
New Mexico State University-Main Campus,Suburban,0,1,0.6267,1050,12979,19760,10868,8977,0.7667,0.4919,0.7549,0.396,0.103,0.4276,42.4
CUNY Bernard M Baruch College,Urban,0,1,0.4071,1268,18794,13569,10719,12178,0.4236,0.6086,0.8762,0.038,0.022,0.5262,201.32
CUNY Brooklyn College,Urban,0,0,0.4974,1105,17946,13802,10818,11923,0.3798,0.6573,0.8219,0.0462,0.045,0.4245,98.05
CUNY City College,Urban,0,1,0.5054,1164,15220,13667,20092,12493,0.4192,0.6967,0.8009,0.0438,0.036,0.4672,320.35
CUNY Hunter College,Urban,0,1,0.4048,1259,20665,13219,11917,12214,0.3335,0.6144,0.8381,0.0471,0.031,0.3567,135.82
CUNY John Jay College of Criminal Justice,Urban,0,1,0.3743,1093,16900,13549,12302,11422,0.3661,0.6782,0.8309,0.0564,0.042,0.403,10.92
CUNY Lehman College,Urban,0,1,0.4701,1020,17112,13704,11972,11218,0.3804,0.7235,0.806,0.045,0.055,0.3166,8.8
CUNY Queens College,Urban,0,1,0.5349,1122,20521,13768,10760,11635,0.4093,0.5784,0.8326,0.0726,0.041,0.4583,72.42
CUNY York College,Urban,0,1,0.5276,960,10201,13948,11592,11131,0.3262,0.7155,0.6291,0.0427,0.049,0.3186,2
SUNY College of Technology at Canton,Small Town,0,0,0.8301,1029,4756,23026,10082,6822,0.6474,0.6142,0.7026,0.766,0.064,0.4303,14.21
SUNY College of Agriculture and Technology at Cobleskill,Small Town,0,0,0.8,1010,2544,25633,11623,6721,0.6623,0.5567,0.7602,0.6929,0.111,0.4346,8.49
Farmingdale State College,Suburban,0,0,0.6016,1075,12774,16856,10189,8418,0.3246,0.3863,0.8284,0.2729,0.034,0.5866,2.85
SUNY at Albany,Urban,0,0,0.5715,1177,15185,26563,13970,9904,0.5982,0.4184,0.8304,0.6199,0.044,0.4778,75.13
Binghamton University,Suburban,0,0,0.4303,1376,15293,28010,12038,10035,0.7263,0.2451,0.9202,0.4801,0.019,0.4928,117.32
University at Buffalo,Suburban,0,0,0.6695,1230,24445,26958,15660,10664,0.6545,0.3378,0.8694,0.4998,0.028,0.5497,797.89
Stony Brook University,Suburban,0,0,0.4891,1337,24056,26270,18899,12468,0.63,0.3692,0.9018,0.3832,0.02,0.4968,265.81
SUNY College of Environmental Science and Forestry,Urban,0,0,0.6017,1237,1920,29680,19457,8799,0.8024,0.2776,0.8636,0.4958,0.006,0.5292,38.9
SUNY Polytechnic Institute,Suburban,0,0,0.733,1177,2433,23194,13137,9553,0.5488,0.4183,0.8243,0.6213,0.027,0.6776,6.12
SUNY Brockport,Small Town,0,0,0.5811,1089,7495,24340,11605,7639,0.604,0.4327,0.7558,0.7252,0.038,0.4177,13.85
SUNY Buffalo State,Urban,0,0,0.8007,960,8622,23111,12099,7954,0.4972,0.6772,0.6452,0.622,0.101,0.4228,53.51
SUNY Cortland,Small Town,0,0,0.522,1164,6923,25585,10068,6876,0.5895,0.2684,0.8476,0.6694,0.035,0.4349,42.17
SUNY at Fredonia,Small Town,0,0,0.7225,1112,4487,23327,12340,7186,0.5881,0.4835,0.7688,0.7417,0.045,0.4155,35.18
SUNY College at Geneseo,Small Town,0,0,0.6136,1234,5569,26266,11171,7723,0.6723,0.2708,0.8499,0.6264,0.013,0.3641,31.36
State University of New York at New Paltz,Suburban,0,0,0.6202,1187,7684,25615,11536,7441,0.5351,0.3728,0.8701,0.5703,0.027,0.3798,28.12
SUNY Oneonta,Small Town,0,0,0.6295,1034,7334,25628,9798,6915,0.6255,0.3584,0.8318,0.6444,0.026,0.3768,61.23
SUNY College at Oswego,Small Town,0,0,0.689,1112,7926,24970,10995,7258,0.6703,0.4382,0.8134,0.6502,0.044,0.4783,40.53
SUNY at Purchase College,Suburban,0,1,0.737,1213,4568,27991,13643,7503,0.41,0.3587,0.7858,0.5323,0.072,0.4005,77.95
SUNY College at Old Westbury,Suburban,0,1,0.5308,1015,5948,19786,10300,9061,0.4505,0.605,0.7467,0.3273,0.039,0.4019,0.21
SUNY College at Plattsburgh,Small Town,0,0,0.6103,1078,5529,25786,11657,7162,0.6348,0.4558,0.7927,0.6587,0.028,0.4034,21.69
SUNY Maritime College,Urban,0,0,0.7271,1153,1674,26864,10562,7473,0.7333,0.2122,0.7849,0.4709,0.022,0.8594,7.97
Appalachian State University,Small Town,0,0,0.7951,1181,18679,19661,7590,8290,0.7806,0.2809,0.8647,0.4631,0.036,0.4277,120.02
East Carolina University,Urban,0,0,0.8792,1100,25249,22301,11977,8561,0.8068,0.3376,0.8346,0.5746,0.051,0.4275,212.57
Elizabeth City State University,Small Town,1,0,0.7483,929,1922,12754,9116,7714,0.7432,0.727,0.7559,0.6955,0.129,0.417,12.26
Fayetteville State University,Urban,1,0,0.7938,948,7062,16623,7540,8478,0.7253,0.7474,0.6596,0.6399,0.116,0.2837,24.31
North Carolina A & T State University,Urban,1,0,0.5671,1041,12108,18348,7631,8745,0.64,0.61,0.7963,0.7885,0.091,0.4021,80.15
University of North Carolina at Asheville,Urban,0,0,0.7942,1185,4139,20127,9484,8255,0.7395,0.3761,0.7599,0.5153,0.058,0.437,53.52
University of North Carolina at Chapel Hill,Urban,0,0,0.25,1393,20215,24220,27996,12795,0.7745,0.2093,0.9513,0.2076,0.014,0.4009,3513.94
University of North Carolina at Charlotte,Urban,0,0,0.7953,1200,27636,23478,9256,9886,0.7144,0.3086,0.8472,0.5099,0.044,0.5328,230.35
University of North Carolina at Greensboro,Urban,0,0,0.8754,1093,18332,19179,9534,8600,0.7593,0.5457,0.8084,0.6209,0.053,0.3293,309.56
North Carolina Central University,Urban,1,0,0.8742,937,6869,24075,10924,8423,0.6414,0.7439,0.7781,0.8035,0.082,0.2986,39.53
University of North Carolina School of the Arts,Urban,0,0,0.3634,1224,944,21755,22167,7626,0.7813,0.2692,0.9145,0.5769,0.034,0.4007,77.49
North Carolina State University at Raleigh,Urban,0,0,0.4622,1343,28869,24202,15681,11096,0.8748,0.1822,0.9357,0.4047,0.02,0.5168,1400.66
University of North Carolina Wilmington,Urban,0,0,0.6797,1226,17001,24837,8470,8608,0.723,0.2322,0.8408,0.4725,0.031,0.3604,104.95
University of North Carolina at Pembroke,Small Town,0,0,0.9138,1012,7447,15952,6403,7462,0.7364,0.6083,0.7072,0.6727,0.102,0.3756,24.89
Winston-Salem State University,Urban,1,0,0.7252,971,5286,20382,9121,8323,0.6451,0.757,0.7664,0.8557,0.112,0.2463,35.34
Western Carolina University,Small Town,0,0,0.4848,1129,11696,18462,7402,7859,0.7211,0.3709,0.8142,0.5988,0.052,0.4494,86.51
Dickinson State University,Small Town,0,0,0.9862,1031,1583,17708,9877,6935,0.4962,0.3212,0.6321,0.5078,0.066,0.4031,6.39
Mayville State University,Rural,0,0,0.5303,1065,1667,18727,8618,6116,1,0.219,0.6286,0.6571,0.084,0.358,8.05
Minot State University,Small Town,0,0,0.7733,1070,3332,16896,7717,7449,0.5878,0.2718,0.7128,0.5179,0.063,0.3728,31.5
University of North Dakota,Urban,0,0,0.8675,1163,12954,23119,16447,8968,0.904,0.1868,0.8139,0.6004,0.028,0.5625,264.48
North Dakota State University-Main Campus,Urban,0,0,0.941,1150,11626,22201,10213,9348,0.9709,0.1892,0.8199,0.6239,0.026,0.5176,0.51
Valley City State University,Small Town,0,0,0.806,1030,1850,18712,11985,6177,0.542,0.3035,0.72,0.6915,0.073,0.4701,9.32
University of Akron Main Campus,Urban,0,0,0.7304,1118,16404,24604,10436,10276,0.4515,0.3544,0.7509,0.5466,0.074,0.5328,224.04
Bowling Green State University-Main Campus,Small Town,0,0,0.753,1142,17380,24529,9073,9648,0.7546,0.2867,0.7936,0.599,0.068,0.4393,166.41
University of Cincinnati-Main Campus,Urban,0,0,0.764,1245,32766,26892,11284,10309,0.5956,0.1742,0.882,0.4964,0.047,0.5006,1449.73
Cleveland State University,Urban,0,0,0.936,1088,13499,24010,9969,9570,0.4864,0.4691,0.7643,0.59,0.057,0.4429,92.39
Kent State University at Kent,Suburban,0,0,0.8443,1141,25459,25836,9122,9450,0.5861,0.3068,0.817,0.6335,0.058,0.3818,148.4
Miami University-Oxford,Small Town,0,0,0.9195,1280,18113,33805,11180,10541,1,0.1247,0.8821,0.4096,0.04,0.4921,558.62
Ohio State University-Main Campus,Urban,0,0,0.6849,1337,49971,27202,18429,12723,0.6588,0.1889,0.9381,0.3496,0.036,0.5058,5233.31
Ohio University-Main Campus,Small Town,0,0,0.8749,1166,23910,29534,11176,8779,0.8194,0.2498,0.8133,0.6224,0.051,0.3924,580.66
University of Toledo,Urban,0,0,0.9468,1135,17328,25118,12891,9315,0.767,0.3422,0.7843,0.5506,0.07,0.5031,309.84
Wright State University-Main Campus,Suburban,0,0,0.9564,1099,10865,23009,11068,9408,0.6587,0.4119,0.6482,0.5941,0.055,0.4535,124.94
Youngstown State University,Urban,0,0,0.6993,1083,12192,18929,7498,8596,1,0.4376,0.7626,0.5269,0.075,0.4585,274.91
East Central University,Small Town,0,0,0.9645,1079,3497,16681,8379,5870,0.9931,0.5354,0.5958,0.3396,0.067,0.4167,33.62
Northeastern State University,Small Town,0,0,0.9949,1069,7479,17889,9217,7159,0.7146,0.5635,0.6611,0.4979,0.037,0.3634,20.08
Northwestern Oklahoma State University,Small Town,0,0,0.7026,1021,1971,17928,7228,6587,0.6164,0.5263,0.617,0.5117,0.062,0.4032,26.05
Oklahoma State University-Main Campus,Small Town,0,0,0.6709,1186,21688,23906,10837,9380,0.8874,0.2666,0.8482,0.4468,0.027,0.4936,441.95
University of Oklahoma-Norman Campus,Suburban,0,0,0.8338,1233,23736,29577,12039,10394,0.8393,0.23,0.8714,0.3838,0.033,0.4909,65.73
University of Science and Arts of Oklahoma,Small Town,0,0,0.3575,917,893,18540,8938,6024,0.5412,0.4889,0.6389,0.4722,0.092,0.3538,26.02
Southeastern Oklahoma State University,Small Town,0,0,0.7859,1040,3721,16367,6354,6663,1,0.492,0.6076,0.3645,0.07,0.4535,26.95
Oregon Institute of Technology,Small Town,0,0,0.9513,1117,7894,23366,9699,8211,0.9565,0.3737,0.7579,0.4605,0.02,0.5309,29.99
Oregon State University,Urban,0,0,0.8221,1204,30839,27595,11902,10436,0.7958,0.2194,0.8455,0.4155,0.028,0.5248,672.28
University of Oregon,Urban,0,0,0.8381,1207,20402,27717,15822,11646,0.6932,0.2422,0.8423,0.3616,0.031,0.4468,947.07
Portland State University,Urban,0,0,0.9519,1084,24062,20571,10503,10119,0.5414,0.5362,0.7544,0.3452,0.047,0.44,2.53
Southern Oregon University,Suburban,0,0,0.9043,1093,6292,17755,8942,9058,0.613,0.3636,0.6794,0.4756,0.06,0.396,30.63
Western Oregon University,Small Town,0,0,0.7914,1055,4807,22810,10152,6929,0.8889,0.4328,0.7057,0.9028,0.051,0.3545,17.66
California University of Pennsylvania,Suburban,0,0,0.9432,1024,5869,25716,9046,10343,0.7008,0.4618,0.6997,0.8365,0.059,0.4399,26.33
East Stroudsburg University of Pennsylvania,Urban,0,0,0.905,1007,5961,24870,7318,10159,0.7724,0.4533,0.7097,0.732,0.079,0.4253,19.92
Edinboro University of Pennsylvania,Small Town,0,0,0.8503,1061,3913,22036,10689,10261,0.8194,0.4175,0.7405,0.7418,0.057,0.4013,32.22
Indiana University of Pennsylvania-Main Campus,Small Town,0,0,0.931,1036,9495,28442,10777,10284,0.8878,0.4525,0.7212,0.7799,0.07,0.3952,70.37
Kutztown University of Pennsylvania,Small Town,0,0,0.9319,1038,7826,28414,9295,9755,0.8446,0.3563,0.7737,0.7687,0.063,0.4393,31.87
Lincoln University,Suburban,1,0,0.9034,942,2103,26008,8643,8953,1,0.7178,0.7088,0.8826,0.112,0.3124,44.14
Lock Haven University,Small Town,0,0,0.9308,1030,2996,25916,11249,10461,0.8904,0.4305,0.7318,0.8102,0.076,0.3939,20.81
Mansfield University of Pennsylvania,Small Town,0,0,0.9602,1041,1913,24278,11495,10255,0.7647,0.5583,0.7836,0.7937,0.083,0.3711,1.05
Millersville University of Pennsylvania,Suburban,0,0,0.8455,1095,7612,27526,8568,10111,0.7166,0.2989,0.7547,0.729,0.043,0.4088,43.9
University of Pittsburgh-Bradford,Small Town,0,0,0.7919,1055,2404,28132,8069,7562,0.7447,0.544,0.7256,0.8194,0.029,0.4148,0.24
University of Pittsburgh-Greensburg,Suburban,0,0,0.9002,1085,1682,27461,7209,7370,0.8421,0.4185,0.6764,0.7324,0.029,0.432,5.74
University of Pittsburgh-Johnstown,Suburban,0,0,0.8662,1108,2581,27031,8010,7625,0.9568,0.3372,0.7813,0.6744,0.029,0.5618,45.29
University of Pittsburgh-Pittsburgh Campus,Urban,0,0,0.6388,1346,24935,33964,19401,11097,0.7676,0.1556,0.9343,0.4983,0.029,0.46,4289.97
Shippensburg University of Pennsylvania,Small Town,0,0,0.9392,1042,5763,29182,10407,10592,0.7937,0.4118,0.7732,0.7941,0.048,0.4746,42.03
Slippery Rock University of Pennsylvania,Small Town,0,0,0.7398,1075,8308,24600,7685,9930,0.8698,0.3395,0.828,0.7536,0.046,0.4422,35.99
West Chester University of Pennsylvania,Suburban,0,0,0.8625,1100,15885,26114,7655,9931,0.7055,0.2738,0.85,0.6776,0.034,0.3986,47.24
Rhode Island College,Suburban,0,1,0.8127,988,7259,17761,10320,9805,1,0.5571,0.7563,0.6551,0.075,0.3021,35.59
University of Rhode Island,Suburban,0,0,0.7551,1183,17724,30339,9329,9836,0.6912,0.2582,0.8546,0.649,0.043,0.4347,213.72
College of Charleston,Urban,0,0,0.7432,1175,10498,29545,9767,8827,0.6586,0.2141,0.7986,0.3959,0.041,0.3438,100.24
Citadel Military College of South Carolina,Urban,0,0,0.7995,1139,3243,30022,12803,8845,0.6801,0.1873,0.8746,0.4861,0.031,0.8617,314.44
Clemson University,Suburban,0,0,0.6194,1327,22100,32254,13258,10401,0.9336,0.1353,0.9356,0.3677,0.017,0.5056,774.51
Francis Marion University,Suburban,0,0,0.7525,990,4202,21888,9257,7549,0.7191,0.6261,0.6756,0.6742,0.088,0.3233,28.38
Lander University,Small Town,0,0,0.5703,1015,3315,24474,6085,6503,0.5305,0.4475,0.7466,0.6882,0.093,0.3172,16.24
University of South Carolina Aiken,Suburban,0,0,0.5588,1062,3623,20735,8301,7162,0.6371,0.455,0.6583,0.536,0.063,0.3452,27.38
University of South Carolina Beaufort,Small Town,0,0,0.6694,1029,2472,24235,8147,7397,0.6061,0.4909,0.6264,0.6568,0.08,0.3177,8.49
University of South Carolina-Columbia,Urban,0,0,0.6835,1268,29221,28602,12225,10933,0.7243,0.1766,0.8986,0.4663,0.031,0.4618,619.16
Coastal Carolina University,Urban,0,0,0.7045,1108,10596,24313,9388,7796,1,0.3459,0.7345,0.6502,0.081,0.4406,41.61
South Carolina State University,Small Town,1,0,0.9409,900,2381,30015,9063,7233,1,0.8078,0.688,0.8134,0.199,0.4344,10.84
University of South Carolina-Upstate,Suburban,0,0,0.5954,1005,6732,23660,7539,7259,0.5586,0.5653,0.7185,0.6947,0.076,0.3281,11.25
Winthrop University,Urban,0,0,0.6394,1072,5318,29266,8817,7743,0.6053,0.4762,0.699,0.7102,0.065,0.3219,59.02
Black Hills State University,Small Town,0,0,0.9714,1089,5330,20937,7287,7098,0.5808,0.3425,0.6491,0.6342,0.086,0.3509,12.71
Dakota State University,Small Town,0,0,0.8357,1131,4166,22365,9003,8257,0.7762,0.2978,0.7143,0.6501,0.058,0.6878,15.81
Northern State University,Small Town,0,0,0.7871,1119,4135,21388,9979,7539,0.96,0.3446,0.7596,0.6215,0.047,0.414,31.71
South Dakota School of Mines and Technology,Urban,0,0,0.8555,1266,2622,25078,12101,9638,0.8933,0.2013,0.7816,0.5375,0.037,0.7651,69.99
South Dakota State University,Small Town,0,0,0.8894,1150,12028,22230,8959,8653,0.8025,0.2251,0.81,0.633,0.027,0.4705,145.88
University of South Dakota,Small Town,0,0,0.9095,1134,9126,23016,10517,8001,0.7071,0.2877,0.8077,0.628,0.031,0.3615,231.42
Austin Peay State University,Urban,0,0,0.9115,1104,11417,23931,8197,8077,1,0.5765,0.7021,0.4974,0.104,0.3939,33.16
East Tennessee State University,Urban,0,0,0.7838,1167,12673,22323,13292,7539,0.7083,0.4402,0.7788,0.4532,0.075,0.3969,127.68
University of Memphis,Urban,0,0,0.852,1132,20011,24139,9360,8705,0.6945,0.5201,0.7952,0.5277,0.093,0.3943,223.4
Middle Tennessee State University,Urban,0,0,0.942,1146,22408,21241,10134,8732,0.759,0.4392,0.7852,0.4501,0.076,0.4666,105.57
The University of Tennessee-Chattanooga,Urban,0,0,0.8311,1167,11010,23436,8718,8700,0.6872,0.3274,0.7671,0.4728,0.057,0.4249,181.27
The University of Tennessee-Knoxville,Urban,0,0,0.7815,1294,24949,32010,12209,11170,0.8746,0.2399,0.8864,0.373,0.031,0.4748,781.54
Tennessee Technological University,Small Town,0,0,0.7963,1202,9646,24458,8998,8334,1,0.3821,0.7748,0.4727,0.041,0.5445,71.29
Angelo State University,Urban,0,1,0.7816,1034,9962,19810,6687,7600,0.7764,0.4966,0.7093,0.4715,0.095,0.4191,185.45
Texas A & M University-Corpus Christi,Urban,0,1,0.9013,1088,10660,22459,8086,8399,0.7098,0.3744,0.574,0.4455,0.067,0.3901,19.29
Texas A&M University-Texarkana,Rural,0,0,0.9646,1035,2087,19447,11591,8038,0.546,0.4879,0.6425,0.5362,0.107,0.3721,7.53
Texas A & M University-Commerce,Small Town,0,0,0.6006,1052,9806,22575,7618,8029,1,0.5305,0.5764,0.6074,0.088,0.4055,25.88
University of Houston-Clear Lake,Suburban,0,1,0.8073,1090,8080,25567,7656,9212,0.9824,0.37,0.7698,0.2564,0.045,0.3676,29.52
University of Houston,Urban,0,1,0.6279,1216,42607,23361,8309,12444,0.8127,0.4365,0.8595,0.3636,0.044,0.4939,861.21
Lamar University,Urban,0,0,0.8268,1043,10416,20362,5808,8283,0.7838,0.507,0.6879,0.4542,0.043,0.4006,128.54
Texas A & M International University,Urban,0,1,0.5893,995,8159,13408,5837,8710,0.5856,0.7649,0.7425,0.2513,0.056,0.3861,53.79
Midwestern State University,Urban,0,0,0.7096,1009,6063,19972,10085,8038,0.7044,0.5204,0.6589,0.518,0.077,0.3703,25.47
University of North Texas,Urban,0,1,0.8398,1152,36663,23770,6169,10426,0.7415,0.3945,0.8524,0.4536,0.058,0.4677,194.24
The University of Texas Rio Grande Valley,Urban,0,1,0.8239,1034,35593,14250,6872,7967,0.8337,0.7004,0.8075,0.2105,0.007,0.4113,63.94
Prairie View A & M University,Small Town,1,0,0.7637,963,9100,25164,7706,8108,0.8644,0.6692,0.741,0.7528,0.106,0.3341,85.19
Sam Houston State University,Small Town,0,1,0.925,1051,20652,22885,6885,7918,0.8015,0.4468,0.789,0.5794,0.062,0.3707,119.87
Stephen F Austin State University,Small Town,0,0,0.7611,1073,12800,22178,7623,7867,0.7082,0.41,0.7695,0.5227,0.074,0.3597,88.81
Texas State University,Urban,0,1,0.8454,1104,37202,23453,7757,8480,0.7805,0.4094,0.7681,0.5476,0.052,0.4097,208.46
Sul Ross State University,Small Town,0,1,0.8083,960,2167,20332,7958,6622,0.6471,0.5387,0.5166,0.5609,0.116,0.3806,21.38
Tarleton State University,Small Town,0,0,0.5775,1044,12825,22730,6231,7589,0.6352,0.3739,0.6901,0.5843,0.072,0.3661,65.21
Texas A & M University-Kingsville,Small Town,0,1,0.8792,1012,6852,22645,8777,9669,0.8023,0.5676,0.7214,0.5728,0.063,0.5023,113.7
Texas A & M University-College Station,Urban,0,1,0.6327,1300,56517,29920,17485,12231,0.8721,0.231,0.9439,0.2935,0.022,0.5269,12632.09
The University of Texas at Arlington,Urban,0,1,0.8775,1160,43756,23902,5484,10316,0.6345,0.46,0.7561,0.3846,0.046,0.3796,162.58
The University of Texas at Austin,Urban,0,1,0.3195,1349,42419,27397,19349,13745,0.8418,0.2298,0.9665,0.3004,0.023,0.4429,4288.18
The University of Texas at Dallas,Urban,0,0,0.7936,1345,22409,27120,9771,12817,0.7715,0.2522,0.9014,0.2507,0.038,0.5643,558.47
The University of Texas at Tyler,Urban,0,0,0.9163,1135,8258,20730,9110,8469,0.7359,0.32,0.6448,0.2993,0.048,0.3987,87.87
The University of Texas Permian Basin,Urban,0,1,0.879,1015,7278,17323,10605,8346,0.5321,0.4773,0.6479,0.3958,0.062,0.4224,49.26
The University of Texas at San Antonio,Urban,0,1,0.8354,1116,31261,18923,5384,9721,0.7636,0.4644,0.7754,0.4891,0.05,0.4873,171.8
Texas Southern University,Urban,1,0,0.6637,975,7884,23173,12049,7907,0.6894,0.8124,0.5066,0.7686,0.081,0.3616,58.04
Texas Tech University,Urban,0,1,0.7003,1174,34272,23191,7442,9465,0.8625,0.2235,0.8748,0.4091,0.045,0.5177,743.23
Texas Woman's University,Urban,0,1,0.9368,1067,12463,19418,6595,8764,0.9805,0.5286,0.7737,0.5529,0.051,0.0956,79.58
West Texas A & M University,Small Town,0,1,0.5825,1046,8271,20456,5390,7965,0.7986,0.4255,0.8199,0.459,0.064,0.4174,91.89
Southern Utah University,Small Town,0,0,0.7556,1183,14438,19854,6794,7226,0.7567,0.2871,0.7233,0.7037,0.045,0.4399,29.94
Utah State University,Urban,0,0,0.9104,1217,29335,19886,10338,9396,0.9692,0.23,0.7332,0.2402,0.036,0.4596,406.15
University of Utah,Urban,0,0,0.794,1236,29205,20303,16414,10820,0.9739,0.1874,0.8866,0.2646,0.017,0.5209,1080.57
University of Vermont,Urban,0,0,0.7132,1276,13499,34707,15134,10558,0.7996,0.1337,0.8541,0.489,0.017,0.3953,566.71
William & Mary,Suburban,0,0,0.4216,1411,6760,39595,17034,11669,0.8126,0.1028,0.9291,0.2148,0.007,0.4119,995.87
George Mason University,Suburban,0,0,0.892,1208,35884,25717,13380,11579,0.5251,0.2875,0.8607,0.4519,0.025,0.5056,99.79
James Madison University,Urban,0,0,0.8049,1207,21818,27996,9722,9246,0.8488,0.1411,0.892,0.3829,0.02,0.4184,111.06
Longwood University,Small Town,0,0,0.8734,1052,5028,28821,8642,7333,1,0.294,0.7852,0.5452,0.032,0.3126,73.62
University of Mary Washington,Suburban,0,0,0.7549,1195,4713,28327,7951,8039,0.7302,0.1819,0.7941,0.4394,0.027,0.3537,55.48
Norfolk State University,Urban,1,0,0.9107,935,5498,26439,10450,8393,1,0.7602,0.6759,0.7602,0.115,0.3207,24.48
Old Dominion University,Urban,0,0,0.9541,1071,22182,25722,11024,8855,0.9425,0.448,0.7638,0.664,0.059,0.4388,233.05
University of Virginia's College at Wise,Small Town,0,0,0.8257,1073,3174,22795,11554,7840,1,0.5018,0.7082,0.3665,0.091,0.4698,104.33
Virginia Polytechnic Institute and State University,Urban,0,0,0.6577,1280,30324,27283,13052,11654,0.9833,0.1373,0.9291,0.3972,0.012,0.5696,1348.5
Virginia Commonwealth University,Urban,0,0,0.906,1163,24766,31983,14831,10000,0.6806,0.3134,0.8311,0.4911,0.026,0.3781,2057.18
University of Virginia-Main Campus,Suburban,0,0,0.2258,1426,19253,34094,19793,14952,0.9489,0.1317,0.9671,0.2652,0.007,0.4407,6953.9
Virginia Military Institute,Small Town,0,0,0.5988,1180,1740,32420,16210,7054,1,0.1611,0.8031,0.5481,0.016,0.8704,524.62
Virginia State University,Suburban,1,0,0.9626,916,4320,23673,9929,7631,0.6536,0.6704,0.6244,0.9005,0.13,0.3961,57.15
Central Washington University,Small Town,0,0,0.8599,1045,13137,24008,10194,7710,0.6178,0.3632,0.7041,0.5679,0.052,0.4648,39
Eastern Washington University,Small Town,0,0,0.7894,993,13971,20480,8314,8781,0.7699,0.4213,0.7091,0.495,0.04,0.4425,33.34
The Evergreen State College,Suburban,0,0,0.9838,1076,3131,24371,10111,7371,0.7717,0.5315,0.6063,0.4724,0.065,0.3858,17.08
Washington State University,Small Town,0,0,0.7995,1123,28930,26068,10029,10282,0.781,0.2591,0.8056,0.3993,0.033,0.4562,1068.76
University of Washington-Seattle Campus,Urban,0,0,0.5586,1341,39514,26825,30940,13441,0.8109,0.1991,0.9309,0.2009,0.021,0.4488,3551.98
Western Washington University,Urban,0,0,0.9351,1184,16791,24465,10757,10277,0.6925,0.2325,0.7908,0.3949,0.017,0.4261,91.08
Bluefield State College,Small Town,1,0,0.9003,992,1435,18685,6969,6380,0.6321,0.6495,0.5976,0.3814,0.114,0.3501,3.51
Concord University,Small Town,0,0,0.914,972,1771,16824,5760,6529,0.6563,0.5383,0.6393,0.5082,0.113,0.4132,35.36
Fairmont State University,Small Town,0,0,0.9434,1020,3997,17639,6734,6469,0.931,0.4573,0.6927,0.544,0.099,0.4106,23.02
Marshall University,Urban,0,0,0.8925,1080,10902,19586,10432,7926,0.7691,0.4598,0.7723,0.5277,0.078,0.4229,147.26
West Virginia State University,Suburban,1,0,0.885,1008,5282,19144,5074,6274,0.6778,0.513,0.6022,0.5688,0.128,0.4621,10.06
West Liberty University,Rural,0,0,0.6844,1039,2471,22361,6324,6868,0.5753,0.4588,0.7349,0.6169,0.061,0.3587,15.16
West Virginia University Institute of Technology,Urban,0,0,0.5512,1034,2056,17464,5237,7649,0.7177,0.4151,0.5975,0.4088,0.065,0.5479,13.14
West Virginia University,Urban,0,0,0.8389,1152,23061,22680,12507,10806,0.7923,0.249,0.8204,0.5634,0.065,0.492,637.44
University of Wisconsin-Madison,Urban,0,0,0.5725,1364,35038,26393,17029,13363,0.847,0.1435,0.952,0.254,0.009,0.4816,4579.68
University of Wyoming,Small Town,0,0,0.9423,1185,10836,20258,16913,9850,0.9852,0.2106,0.7953,0.3739,0.035,0.4754,531.65
University of Puerto Rico-Cayey,Suburban,0,1,0.8936,1060,2968,12618,5503,6794,0.9167,0.8229,0.836,0.024,0.071,0.3311,0
University of the Virgin Islands,Small Town,1,0,0.9969,914,2177,16381,8171,7079,1,0.6324,0.6304,0.2206,0.098,0.3001,70.77
Purdue University-Main Campus,Urban,0,0,0.6715,1315,36989,22645,18311,12677,0.9647,0.1432,0.9317,0.2801,0.017,0.5762,2539.23
New College of Florida,Urban,0,0,0.6997,1277,722,20563,24235,8522,0.8803,0.2789,0.8027,0.3333,0.038,0.3452,46.41
California State University-San Marcos,Suburban,0,1,0.7942,1039,15621,22531,7440,10012,0.481,0.5087,0.8358,0.3543,0.033,0.3874,26.29
University of Washington-Bothell Campus,Suburban,0,0,0.8793,1158,6464,23189,5545,11354,0.6646,0.3602,0.8866,0.2758,0.021,0.5349,74
University of Washington-Tacoma Campus,Urban,0,0,0.8605,1068,5372,21705,6133,10504,0.7829,0.4199,0.8007,0.2712,0.021,0.4818,74
California State University-Monterey Bay,Suburban,0,1,0.8562,1058,7494,23389,9150,10011,0.4753,0.4662,0.8127,0.4421,0.029,0.3747,27.13
Florida Gulf Coast University,Suburban,0,0,0.7749,1142,15446,18151,6773,8590,0.6884,0.324,0.8065,0.324,0.042,0.4375,76.57
University of Connecticut-Waterbury Campus,Suburban,0,1,0.9663,1062,965,18464,4039,15777,0.7083,0.5085,0.7821,0.4316,0.02,0.4323,2.25
University of Connecticut-Avery Point,Suburban,0,0,0.9427,1128,662,19030,13768,15777,0.7083,0.3897,0.8051,0.4564,0.02,0.4734,5.4
University of Connecticut-Stamford,Urban,0,1,0.914,1073,2408,25497,3771,15777,0.7083,0.481,0.8176,0.393,0.02,0.4834,5.4
Oregon State University-Cascades Campus,Urban,0,0,0.7669,1132,1243,25945,3967,11819,0.75,0.2473,0.7333,0.3978,0.028,0.4909,6.79
University of California-Merced,Rural,0,1,0.848,1066,8546,35005,10840,11850,0.9336,0.6497,0.8634,0.485,0.028,0.4728,13.78
University of Minnesota-Rochester,Urban,0,0,0.7375,1152,595,25495,5950,6875,1,0.3742,0.8028,0.5583,0.017,0.2264,0.73
Texas A&M University-San Antonio,Rural,0,1,0.5985,1022,6841,21104,8229,7712,1,0.4217,0.6752,0.3855,0.074,0.3676,3.66
University of Connecticut-Hartford Campus,Urban,0,0,0.9616,1093,1745,21187,12984,13909,0.6892,0.4283,0.8525,0.4058,0.02,0.4635,13.5
Augusta University,Urban,0,0,0.8288,1121,6290,20115,13356,8940,0.7141,0.4069,0.7358,0.4462,0.035,0.3418,286.58
University of North Georgia,Small Town,0,0,0.8145,1097,22283,16816,5198,7039,0.7517,0.3139,0.7754,0.2607,0.058,0.4311,68.25
University of North Texas at Dallas,Urban,0,1,0.9299,956,3761,18930,8261,8371,1,0.6516,0.7077,0.1814,0.05,0.3223,0.91
Kennesaw State University,Suburban,0,0,0.8311,1117,39961,25059,5279,8162,0.6448,0.3367,0.7968,0.4343,0.048,0.5092,52.3
Purdue University Northwest,Suburban,0,0,0.3028,1071,11014,17408,9595,8786,0.9966,0.4151,0.7059,0.3902,0.051,0.4414,30.01
The Pennsylvania State University,Urban,0,0,0.7827,1198,84202,33960,15753,10822,0.828,0.2273,0.8691,0.5123,0.04,0.5367,3150.7
